"season","playerId","gameId","squadId","firstname","surname","round","game","startingPositionCode","quartersPlayed","minutesPlayed","blocks","centrePassReceives","deflections","feeds","goalAssists","goalAttempts","goals","intercepts","passes","penalties","rebounds","turnovers"
2017,80003,"1_4","810","Kate","Beveridge",1,4,"GS",4,60,0,0,1,10,6,36,32,1,10,1,0,7
2017,80003,"10_4","810","Kate","Beveridge",10,4,"GS",2,30,0,0,0,1,0,23,17,0,1,2,1,5
2017,80003,"10_4","810","Kate","Beveridge",10,4,"I",1,11,0,0,1,4,3,10,8,0,4,0,1,1
2017,80003,"12_1","810","Kate","Beveridge",12,1,"GS",4,60,0,0,0,4,2,40,34,0,4,0,2,8
2017,80003,"13_3","810","Kate","Beveridge",13,3,"GS",4,60,0,0,0,4,1,31,24,0,4,4,2,7
2017,80003,"14_3","810","Kate","Beveridge",14,3,"GA",2,30,0,5,1,7,3,5,5,0,7,0,0,0
2017,80003,"2_2","810","Kate","Beveridge",2,2,"GS",3,45,0,0,0,3,2,26,24,0,3,2,3,6
2017,80003,"3_1","810","Kate","Beveridge",3,1,"GS",1,15,0,0,0,1,1,7,5,0,1,0,1,4
2017,80003,"4_2","810","Kate","Beveridge",4,2,"I",1,15,0,0,0,1,0,11,10,0,1,0,0,1
2017,80003,"6_1","810","Kate","Beveridge",6,1,"GA",2,30,0,13,2,1,0,22,18,0,1,0,1,6
2017,80003,"6_1","810","Kate","Beveridge",6,1,"I",1,5,0,1,0,0,1,3,3,0,0,1,0,0
2017,80003,"7_2","810","Kate","Beveridge",7,2,"I",1,2,0,0,0,0,0,1,0,0,0,0,0,1
2017,80009,"1_4","810","Natalie","Medhurst",1,4,"GA",4,60,0,15,0,24,13,20,19,1,24,0,1,3
2017,80009,"10_4","810","Natalie","Medhurst",10,4,"GA",4,60,0,18,3,24,10,16,13,0,24,3,0,3
2017,80009,"11_1","810","Natalie","Medhurst",11,1,"GA",4,60,0,19,2,17,6,18,15,0,17,4,1,5
2017,80009,"12_1","810","Natalie","Medhurst",12,1,"GA",4,60,0,26,1,18,11,23,16,0,18,2,1,5
2017,80009,"13_3","810","Natalie","Medhurst",13,3,"GA",4,60,0,13,1,17,7,23,18,0,17,1,0,4
2017,80009,"14_3","810","Natalie","Medhurst",14,3,"GA",2,30,0,8,1,10,4,7,3,0,10,3,0,4
2017,80009,"14_3","810","Natalie","Medhurst",14,3,"I",1,10,0,4,0,4,2,0,0,0,4,1,0,0
2017,80009,"2_2","810","Natalie","Medhurst",2,2,"GA",4,60,0,25,0,25,12,22,15,1,25,1,1,8
2017,80009,"3_1","810","Natalie","Medhurst",3,1,"GA",4,60,0,27,0,11,7,16,14,0,11,4,1,3
2017,80009,"4_2","810","Natalie","Medhurst",4,2,"GA",4,60,0,19,3,29,10,10,7,0,29,6,0,2
2017,80009,"5_1","810","Natalie","Medhurst",5,1,"GA",4,60,0,18,2,19,8,9,7,0,19,3,0,7
2017,80009,"6_1","810","Natalie","Medhurst",6,1,"GA",2,30,0,6,0,5,2,8,6,0,5,2,0,1
2017,80009,"6_1","810","Natalie","Medhurst",6,1,"GS",2,30,0,0,0,12,4,15,11,0,12,0,0,1
2017,80009,"7_2","810","Natalie","Medhurst",7,2,"GA",4,59,0,17,2,21,8,21,17,0,21,0,0,6
2017,80009,"8_1","810","Natalie","Medhurst",8,1,"GA",4,60,0,15,1,21,7,14,11,2,21,2,1,2
2017,80009,"9_2","810","Natalie","Medhurst",9,2,"GA",4,60,0,18,0,16,8,18,13,0,16,4,0,6
2017,80010,"1_3","8117","Geva","Mentor",1,3,"GK",4,60,0,0,3,0,0,0,0,2,0,19,3,0
2017,80010,"10_1","8117","Geva","Mentor",10,1,"GK",4,60,0,0,2,0,0,0,0,0,0,14,1,0
2017,80010,"11_3","8117","Geva","Mentor",11,3,"GK",4,60,0,0,6,0,0,0,0,2,0,16,2,1
2017,80010,"12_1","8117","Geva","Mentor",12,1,"GK",4,60,0,0,9,0,0,0,0,2,0,8,5,0
2017,80010,"13_2","8117","Geva","Mentor",13,2,"GK",4,60,1,0,10,0,0,0,0,7,0,16,4,0
2017,80010,"14_2","8117","Geva","Mentor",14,2,"GK",4,60,0,0,3,0,0,0,0,1,0,8,2,0
2017,80010,"15_2","8117","Geva","Mentor",15,2,"GK",4,60,1,0,5,0,0,0,0,0,0,20,0,0
2017,80010,"17_1","8117","Geva","Mentor",17,1,"GK",4,60,0,0,5,0,0,0,0,3,0,11,4,0
2017,80010,"2_4","8117","Geva","Mentor",2,4,"GK",4,60,0,0,5,0,0,0,0,2,0,12,2,0
2017,80010,"3_4","8117","Geva","Mentor",3,4,"GK",4,60,0,0,13,0,0,0,0,3,0,11,4,0
2017,80010,"4_3","8117","Geva","Mentor",4,3,"GK",4,60,0,0,8,0,0,0,0,3,0,13,1,1
2017,80010,"5_3","8117","Geva","Mentor",5,3,"GK",4,60,0,0,7,0,0,0,0,3,0,13,5,0
2017,80010,"6_1","8117","Geva","Mentor",6,1,"GK",4,60,0,0,4,0,0,0,0,5,0,12,5,1
2017,80010,"7_3","8117","Geva","Mentor",7,3,"GK",4,60,0,0,7,0,0,0,0,2,0,28,0,0
2017,80010,"8_4","8117","Geva","Mentor",8,4,"GK",4,60,0,0,6,0,0,0,0,5,0,14,2,0
2017,80010,"9_1","8117","Geva","Mentor",9,1,"GK",4,60,0,0,7,0,0,0,0,4,0,13,5,1
2017,80041,"1_2","8119","Madi","Robinson",1,2,"WA",4,60,0,21,0,29,13,0,0,0,29,6,0,5
2017,80041,"10_2","8119","Madi","Robinson",10,2,"WA",4,60,0,25,1,44,27,0,0,0,44,5,0,4
2017,80041,"11_3","8119","Madi","Robinson",11,3,"WA",4,60,0,22,2,28,8,0,0,1,28,7,0,3
2017,80041,"12_2","8119","Madi","Robinson",12,2,"WA",4,55,0,21,1,44,16,0,0,0,44,3,0,2
2017,80041,"13_3","8119","Madi","Robinson",13,3,"WA",4,60,0,16,0,39,13,0,0,0,39,5,0,3
2017,80041,"14_4","8119","Madi","Robinson",14,4,"WA",4,60,0,12,1,33,16,0,0,0,33,2,0,3
2017,80041,"15_1","8119","Madi","Robinson",15,1,"WA",4,60,0,29,0,35,23,0,0,2,35,7,0,3
2017,80041,"2_3","8119","Madi","Robinson",2,3,"WA",4,60,0,19,1,46,17,0,0,0,46,5,0,2
2017,80041,"3_2","8119","Madi","Robinson",3,2,"WA",4,60,0,32,1,34,25,0,0,0,34,3,0,1
2017,80041,"4_4","8119","Madi","Robinson",4,4,"WA",4,54,0,24,0,30,14,0,0,2,30,5,0,3
2017,80041,"5_3","8119","Madi","Robinson",5,3,"WA",4,60,0,23,0,39,15,0,0,0,39,2,0,4
2017,80041,"6_4","8119","Madi","Robinson",6,4,"WA",4,60,0,27,1,43,21,0,0,0,43,5,0,2
2017,80041,"7_4","8119","Madi","Robinson",7,4,"WA",4,60,0,22,0,36,17,0,0,0,36,5,0,1
2017,80041,"8_1","8119","Madi","Robinson",8,1,"WA",4,60,0,17,1,41,20,0,0,1,41,10,0,1
2017,80041,"9_3","8119","Madi","Robinson",9,3,"WA",4,60,0,28,1,39,26,0,0,0,39,3,0,2
2017,80045,"10_3","801","Renae","Ingles",10,3,"WD",4,60,0,5,3,5,3,0,0,2,5,10,0,0
2017,80045,"11_4","801","Renae","Ingles",11,4,"WD",4,60,0,15,6,0,0,0,0,3,0,6,0,1
2017,80045,"12_3","801","Renae","Ingles",12,3,"WD",4,60,0,4,3,0,0,0,0,1,0,9,0,0
2017,80045,"13_4","801","Renae","Ingles",13,4,"C",1,15,0,4,0,2,0,0,0,1,2,0,0,0
2017,80045,"13_4","801","Renae","Ingles",13,4,"WD",3,45,0,11,2,1,0,0,0,1,1,5,0,1
2017,80045,"14_4","801","Renae","Ingles",14,4,"WD",4,60,0,13,2,0,0,0,0,2,0,10,0,1
2017,80045,"6_3","801","Renae","Ingles",6,3,"C",3,45,0,0,6,13,6,0,0,1,13,9,0,5
2017,80045,"6_3","801","Renae","Ingles",6,3,"WD",1,15,0,4,0,0,0,0,0,2,0,2,0,0
2017,80045,"7_2","801","Renae","Ingles",7,2,"WD",4,60,0,9,3,0,0,0,0,0,0,3,0,1
2017,80045,"8_3","801","Renae","Ingles",8,3,"WD",4,60,0,13,3,0,0,0,0,0,0,9,0,0
2017,80045,"9_1","801","Renae","Ingles",9,1,"WD",4,60,0,6,1,0,0,0,0,0,0,9,0,3
2017,80048,"1_2","8119","Sharni","Layton",1,2,"GK",4,60,0,0,2,0,0,0,0,2,0,26,4,1
2017,80048,"10_2","8119","Sharni","Layton",10,2,"GK",4,60,0,0,7,0,0,0,0,6,0,22,0,0
2017,80048,"11_3","8119","Sharni","Layton",11,3,"GK",4,60,0,0,9,0,0,0,0,4,0,25,0,0
2017,80048,"12_2","8119","Sharni","Layton",12,2,"GK",4,60,0,0,3,0,0,0,0,1,0,16,2,0
2017,80048,"13_3","8119","Sharni","Layton",13,3,"GK",4,60,0,0,9,0,0,0,0,3,0,20,2,0
2017,80048,"14_4","8119","Sharni","Layton",14,4,"GK",4,60,0,0,11,0,0,0,0,2,0,19,6,1
2017,80048,"15_1","8119","Sharni","Layton",15,1,"GK",4,60,0,0,4,0,0,0,0,5,0,10,2,0
2017,80048,"2_3","8119","Sharni","Layton",2,3,"GK",4,60,0,0,9,0,0,0,0,4,0,22,1,1
2017,80048,"3_2","8119","Sharni","Layton",3,2,"GK",4,60,0,0,7,0,0,0,0,2,0,23,4,0
2017,80048,"4_4","8119","Sharni","Layton",4,4,"GK",4,60,0,0,5,0,0,0,0,8,0,18,1,0
2017,80048,"5_3","8119","Sharni","Layton",5,3,"GK",4,60,0,0,3,0,0,0,0,4,0,20,2,0
2017,80048,"6_4","8119","Sharni","Layton",6,4,"GK",4,60,0,0,6,0,0,0,0,5,0,15,1,1
2017,80048,"7_4","8119","Sharni","Layton",7,4,"GK",4,60,0,0,5,0,0,0,0,5,0,22,2,0
2017,80048,"8_1","8119","Sharni","Layton",8,1,"GK",4,60,0,0,6,0,0,0,0,4,0,18,4,1
2017,80048,"9_3","8119","Sharni","Layton",9,3,"GK",4,60,0,0,5,0,0,0,0,2,0,19,2,0
2017,80052,"1_2","8119","Caitlin","Thwaites",1,2,"GS",4,60,0,0,0,3,1,48,47,0,3,3,0,5
2017,80052,"10_2","8119","Caitlin","Thwaites",10,2,"GS",4,60,0,0,0,2,1,45,43,0,2,2,2,3
2017,80052,"11_3","8119","Caitlin","Thwaites",11,3,"GS",4,60,0,3,0,3,1,41,33,0,3,7,5,5
2017,80052,"12_2","8119","Caitlin","Thwaites",12,2,"GS",4,60,0,0,0,2,2,51,48,0,2,3,4,6
2017,80052,"13_3","8119","Caitlin","Thwaites",13,3,"GS",4,60,0,0,0,0,0,49,45,0,0,3,2,4
2017,80052,"14_4","8119","Caitlin","Thwaites",14,4,"GS",4,60,0,0,2,1,0,44,39,0,1,4,1,4
2017,80052,"15_1","8119","Caitlin","Thwaites",15,1,"GS",4,60,0,0,0,1,0,45,37,0,1,6,3,5
2017,80052,"2_3","8119","Caitlin","Thwaites",2,3,"GS",4,60,0,0,0,3,1,40,32,0,3,4,3,7
2017,80052,"3_2","8119","Caitlin","Thwaites",3,2,"GS",4,60,0,0,0,3,3,46,42,0,3,2,1,3
2017,80052,"4_4","8119","Caitlin","Thwaites",4,4,"GS",4,60,0,0,0,2,0,47,46,0,2,1,4,3
2017,80052,"5_3","8119","Caitlin","Thwaites",5,3,"GS",4,60,0,0,0,0,0,45,42,0,0,3,1,5
2017,80052,"6_4","8119","Caitlin","Thwaites",6,4,"GS",4,60,0,0,0,0,0,39,36,0,0,5,1,5
2017,80052,"7_4","8119","Caitlin","Thwaites",7,4,"GS",4,60,0,0,0,3,2,47,43,0,3,2,2,4
2017,80052,"8_1","8119","Caitlin","Thwaites",8,1,"GS",4,60,0,0,0,0,0,54,50,0,0,2,2,2
2017,80052,"9_3","8119","Caitlin","Thwaites",9,3,"GS",4,60,0,0,0,2,1,51,48,0,2,2,1,4
2017,80067,"1_4","801","Erin","Bell",1,4,"GA",4,60,0,14,0,12,6,28,19,0,12,7,0,3
2017,80067,"10_3","801","Erin","Bell",10,3,"GA",4,60,0,18,1,11,5,26,19,0,11,8,0,10
2017,80067,"11_4","801","Erin","Bell",11,4,"GA",4,60,0,13,3,8,6,21,20,1,8,10,1,4
2017,80067,"12_3","801","Erin","Bell",12,3,"GA",3,37,0,7,0,8,3,10,8,1,8,3,0,6
2017,80067,"13_4","801","Erin","Bell",13,4,"GA",1,15,0,3,0,5,3,4,2,1,5,1,1,1
2017,80067,"13_4","801","Erin","Bell",13,4,"GS",3,45,0,2,0,8,4,25,24,1,8,2,0,2
2017,80067,"14_4","801","Erin","Bell",14,4,"GA",2,30,0,6,0,9,5,13,11,1,9,5,0,1
2017,80067,"14_4","801","Erin","Bell",14,4,"GS",2,30,0,0,0,3,1,16,11,0,3,3,3,7
2017,80067,"2_1","801","Erin","Bell",2,1,"GA",4,60,0,20,0,13,7,26,17,0,13,3,2,8
2017,80067,"3_4","801","Erin","Bell",3,4,"GA",2,30,0,9,0,6,3,16,9,0,6,5,0,10
2017,80067,"3_4","801","Erin","Bell",3,4,"GS",2,30,0,2,0,3,1,12,9,0,3,2,2,2
2017,80067,"4_4","801","Erin","Bell",4,4,"GA",3,45,0,9,0,5,3,12,8,1,5,5,0,5
2017,80067,"4_4","801","Erin","Bell",4,4,"WA",1,15,0,4,0,10,5,0,0,0,10,0,0,1
2017,80067,"5_4","801","Erin","Bell",5,4,"GS",1,15,0,1,0,8,0,2,1,0,8,1,0,1
2017,80067,"5_4","801","Erin","Bell",5,4,"WA",3,45,0,6,1,20,10,3,2,0,20,4,0,1
2017,80067,"6_3","801","Erin","Bell",6,3,"GA",1,15,0,2,1,3,1,5,3,0,3,1,0,3
2017,80067,"6_3","801","Erin","Bell",6,3,"GS",2,30,0,0,0,3,2,7,6,0,3,0,0,1
2017,80067,"6_3","801","Erin","Bell",6,3,"WA",1,15,0,5,0,2,0,0,0,0,2,4,0,0
2017,80067,"7_2","801","Erin","Bell",7,2,"GA",4,60,0,14,0,7,0,26,21,0,7,6,0,6
2017,80067,"8_3","801","Erin","Bell",8,3,"GA",4,60,0,13,0,19,9,19,15,0,19,8,0,7
2017,80067,"9_1","801","Erin","Bell",9,1,"GA",4,60,0,18,0,16,8,27,16,0,16,3,0,6
2017,80068,"1_1","8118","Bec","Bulley",1,1,"GD",4,60,0,7,5,0,0,0,0,2,0,9,2,0
2017,80068,"10_4","8118","Bec","Bulley",10,4,"GD",4,60,0,13,3,0,0,0,0,2,0,11,1,1
2017,80068,"11_4","8118","Bec","Bulley",11,4,"GD",4,60,0,12,4,2,0,0,0,1,2,13,0,1
2017,80068,"12_4","8118","Bec","Bulley",12,4,"GD",4,60,0,17,5,0,0,0,0,3,0,8,0,1
2017,80068,"13_1","8118","Bec","Bulley",13,1,"GD",4,60,0,8,4,1,0,0,0,1,1,8,2,0
2017,80068,"14_2","8118","Bec","Bulley",14,2,"GD",4,60,0,11,4,0,0,0,0,2,0,13,1,1
2017,80068,"15_1","8118","Bec","Bulley",15,1,"GD",4,60,0,6,2,1,0,0,0,3,1,11,0,0
2017,80068,"16_1","8118","Bec","Bulley",16,1,"GD",4,60,0,12,2,1,0,0,0,1,1,20,1,2
2017,80068,"17_1","8118","Bec","Bulley",17,1,"GD",4,60,0,13,1,0,0,0,0,1,0,9,0,0
2017,80068,"2_2","8118","Bec","Bulley",2,2,"GD",4,60,0,11,3,0,0,0,0,1,0,9,1,0
2017,80068,"3_2","8118","Bec","Bulley",3,2,"GD",4,60,0,14,5,0,0,0,0,0,0,14,0,1
2017,80068,"4_3","8118","Bec","Bulley",4,3,"GD",4,60,0,6,4,0,0,0,0,0,0,13,1,0
2017,80068,"5_4","8118","Bec","Bulley",5,4,"GD",4,60,1,10,5,0,0,0,0,1,0,6,0,0
2017,80068,"6_2","8118","Bec","Bulley",6,2,"GD",4,60,0,11,4,0,0,0,0,1,0,6,0,4
2017,80068,"7_1","8118","Bec","Bulley",7,1,"GD",4,60,0,6,2,0,0,0,0,2,0,17,1,1
2017,80068,"8_2","8118","Bec","Bulley",8,2,"GD",4,58,0,5,1,0,0,0,0,1,0,13,0,1
2017,80068,"9_3","8118","Bec","Bulley",9,3,"GD",4,60,0,12,2,2,1,0,0,0,2,10,2,0
2017,80069,"1_1","8118","Kimberlee","Green",1,1,"WA",4,60,0,26,2,35,10,0,0,0,36,4,0,2
2017,80069,"2_2","8118","Kimberlee","Green",2,2,"WA",4,60,0,17,3,44,23,0,0,1,44,6,0,2
2017,80069,"3_2","8118","Kimberlee","Green",3,2,"WA",4,60,0,11,0,27,11,0,0,0,27,4,0,1
2017,80069,"4_3","8118","Kimberlee","Green",4,3,"WA",4,60,0,27,0,39,17,0,0,1,39,5,0,2
2017,80069,"5_4","8118","Kimberlee","Green",5,4,"WA",1,1,0,0,0,0,0,0,0,0,0,0,0,0
2017,80072,"1_1","8118","Susan","Pettitt",1,1,"GA",3,37,0,10,0,6,1,12,11,0,6,1,0,2
2017,80072,"10_4","8118","Susan","Pettitt",10,4,"GA",4,60,0,13,0,18,11,24,21,1,18,3,3,1
2017,80072,"11_4","8118","Susan","Pettitt",11,4,"GA",2,30,0,7,0,5,3,9,7,0,5,2,1,1
2017,80072,"11_4","8118","Susan","Pettitt",11,4,"WA",2,30,0,11,0,11,3,0,0,0,11,1,0,2
2017,80072,"12_4","8118","Susan","Pettitt",12,4,"GS",4,60,0,1,0,17,8,24,20,0,17,3,1,7
2017,80072,"13_1","8118","Susan","Pettitt",13,1,"GA",1,15,0,5,0,5,2,7,5,0,5,0,0,2
2017,80072,"13_1","8118","Susan","Pettitt",13,1,"GS",2,30,0,2,0,6,2,12,10,0,6,2,0,2
2017,80072,"13_1","8118","Susan","Pettitt",13,1,"WA",1,15,0,5,0,11,7,0,0,0,11,2,0,0
2017,80072,"14_2","8118","Susan","Pettitt",14,2,"GS",2,30,0,0,0,10,4,11,9,0,10,0,1,0
2017,80072,"14_2","8118","Susan","Pettitt",14,2,"WA",2,30,0,10,0,18,8,0,0,0,18,4,0,0
2017,80072,"15_1","8118","Susan","Pettitt",15,1,"WA",4,60,0,20,0,36,14,0,0,1,36,6,0,0
2017,80072,"16_1","8118","Susan","Pettitt",16,1,"WA",4,60,0,25,2,32,23,0,0,0,32,3,0,0
2017,80072,"17_1","8118","Susan","Pettitt",17,1,"WA",4,60,0,18,1,32,18,7,4,0,32,9,0,4
2017,80072,"2_2","8118","Susan","Pettitt",2,2,"GA",3,45,0,16,0,12,9,21,15,0,12,0,1,3
2017,80072,"3_2","8118","Susan","Pettitt",3,2,"GA",4,60,0,22,0,16,6,21,16,0,16,0,0,4
2017,80072,"4_3","8118","Susan","Pettitt",4,3,"GA",4,60,0,15,2,18,7,29,23,0,18,6,0,5
2017,80072,"5_4","8118","Susan","Pettitt",5,4,"GA",2,30,0,3,0,8,4,17,14,0,8,1,1,4
2017,80072,"5_4","8118","Susan","Pettitt",5,4,"I",1,10,0,2,0,4,3,2,2,0,4,0,0,0
2017,80072,"6_2","8118","Susan","Pettitt",6,2,"GA",3,45,0,16,1,13,7,21,16,1,13,4,0,5
2017,80072,"6_2","8118","Susan","Pettitt",6,2,"WA",1,15,0,4,0,6,5,0,0,0,6,0,0,0
2017,80072,"7_1","8118","Susan","Pettitt",7,1,"GA",4,60,0,25,0,12,7,24,23,0,12,1,0,2
2017,80072,"8_2","8118","Susan","Pettitt",8,2,"GA",4,58,0,19,1,9,4,32,28,0,9,1,2,2
2017,80072,"9_3","8118","Susan","Pettitt",9,3,"GA",4,60,0,12,0,11,6,29,26,0,11,3,1,4
2017,80078,"1_3","807","Romelda","Aiken",1,3,"GS",4,60,0,0,1,7,3,52,40,0,7,2,8,7
2017,80078,"10_2","807","Romelda","Aiken",10,2,"GS",4,60,0,0,0,5,2,52,47,0,5,6,6,2
2017,80078,"11_2","807","Romelda","Aiken",11,2,"GS",4,60,0,0,1,6,1,53,42,0,6,3,8,4
2017,80078,"12_3","807","Romelda","Aiken",12,3,"GS",4,60,0,0,1,13,4,47,39,0,13,7,5,12
2017,80078,"13_1","807","Romelda","Aiken",13,1,"GS",4,60,0,0,1,7,4,49,40,0,7,5,5,6
2017,80078,"14_1","807","Romelda","Aiken",14,1,"GS",4,60,0,0,0,12,5,45,38,1,12,3,7,5
2017,80078,"2_3","807","Romelda","Aiken",2,3,"GS",4,60,0,0,0,2,0,52,41,0,2,3,6,10
2017,80078,"3_1","807","Romelda","Aiken",3,1,"GS",4,60,0,0,0,3,1,53,44,0,3,3,4,7
2017,80078,"4_1","807","Romelda","Aiken",4,1,"GS",4,60,0,0,0,6,1,57,45,0,6,2,9,1
2017,80078,"5_2","807","Romelda","Aiken",5,2,"GS",4,60,0,0,1,7,4,46,37,0,7,4,5,9
2017,80078,"7_3","807","Romelda","Aiken",7,3,"GS",4,60,0,0,0,3,1,42,30,0,3,2,9,3
2017,80078,"8_2","807","Romelda","Aiken",8,2,"GS",4,58,0,0,1,4,0,42,37,1,4,6,2,5
2017,80078,"9_2","807","Romelda","Aiken",9,2,"GS",4,60,0,0,3,3,1,43,38,0,3,4,2,7
2017,80105,"1_3","8117","Laura","Langman",1,3,"C",4,60,0,0,0,34,10,0,0,3,87,12,0,2
2017,80105,"10_1","8117","Laura","Langman",10,1,"C",1,15,0,0,0,7,3,0,0,1,7,1,0,0
2017,80105,"10_1","8117","Laura","Langman",10,1,"WD",3,45,0,10,2,0,0,0,0,1,0,8,0,0
2017,80105,"11_3","8117","Laura","Langman",11,3,"WD",4,60,0,9,2,0,0,0,0,1,0,10,0,0
2017,80105,"12_1","8117","Laura","Langman",12,1,"WD",4,60,0,8,3,2,1,0,0,0,2,10,0,0
2017,80105,"13_2","8117","Laura","Langman",13,2,"C",1,15,0,0,0,9,3,0,0,1,9,0,0,0
2017,80105,"13_2","8117","Laura","Langman",13,2,"WD",3,45,0,10,2,1,0,0,0,1,1,3,0,0
2017,80105,"14_2","8117","Laura","Langman",14,2,"WD",4,60,0,3,4,0,0,0,0,1,0,4,0,0
2017,80105,"15_2","8117","Laura","Langman",15,2,"WD",4,60,0,6,1,1,1,0,0,0,1,10,0,0
2017,80105,"17_1","8117","Laura","Langman",17,1,"WD",4,60,0,8,1,2,2,0,0,4,2,3,0,2
2017,80105,"2_4","8117","Laura","Langman",2,4,"C",4,60,0,0,1,19,5,0,0,0,71,6,0,1
2017,80105,"4_3","8117","Laura","Langman",4,3,"C",3,45,0,0,1,18,8,0,0,0,51,3,0,4
2017,80105,"4_3","8117","Laura","Langman",4,3,"WD",1,15,0,3,1,0,0,0,0,0,0,1,0,0
2017,80105,"5_3","8117","Laura","Langman",5,3,"WD",2,16,0,3,0,1,0,0,0,3,1,3,0,1
2017,80105,"7_3","8117","Laura","Langman",7,3,"WD",4,60,0,13,4,0,0,0,0,0,0,7,0,0
2017,80105,"8_4","8117","Laura","Langman",8,4,"C",1,15,0,0,1,15,7,0,0,0,15,1,0,0
2017,80105,"8_4","8117","Laura","Langman",8,4,"WD",3,45,0,3,2,1,0,0,0,0,1,10,0,1
2017,80105,"9_1","8117","Laura","Langman",9,1,"C",2,30,0,0,1,19,9,0,0,0,19,0,0,1
2017,80105,"9_1","8117","Laura","Langman",9,1,"WD",2,30,0,11,0,0,0,0,0,0,0,5,0,3
2017,80113,"1_3","8117","Caitlin","Bassett",1,3,"GS",4,60,0,0,1,1,0,51,48,0,1,3,3,3
2017,80113,"10_1","8117","Caitlin","Bassett",10,1,"GS",4,60,0,0,0,1,1,42,41,0,1,4,1,5
2017,80113,"11_3","8117","Caitlin","Bassett",11,3,"GS",4,60,0,0,0,3,1,37,37,1,3,5,1,3
2017,80113,"12_1","8117","Caitlin","Bassett",12,1,"GS",4,55,0,0,0,1,1,41,36,0,1,0,7,3
2017,80113,"13_2","8117","Caitlin","Bassett",13,2,"GS",4,60,0,0,1,1,1,52,49,0,1,3,2,6
2017,80113,"14_2","8117","Caitlin","Bassett",14,2,"GS",4,58,0,0,1,1,0,41,39,0,1,4,1,5
2017,80113,"15_2","8117","Caitlin","Bassett",15,2,"GS",4,60,0,0,1,0,0,47,44,0,0,6,3,3
2017,80113,"17_1","8117","Caitlin","Bassett",17,1,"GS",4,60,0,0,0,4,1,51,49,0,4,3,1,3
2017,80113,"2_4","8117","Caitlin","Bassett",2,4,"GS",4,60,0,0,1,4,0,53,50,1,4,1,2,6
2017,80113,"3_4","8117","Caitlin","Bassett",3,4,"GS",4,60,0,0,1,4,1,46,43,0,4,2,1,5
2017,80113,"4_3","8117","Caitlin","Bassett",4,3,"GS",4,60,0,0,1,3,0,47,45,0,3,3,1,3
2017,80113,"5_3","8117","Caitlin","Bassett",5,3,"GS",4,60,0,0,0,1,0,42,38,0,1,4,3,4
2017,80113,"6_1","8117","Caitlin","Bassett",6,1,"GS",4,60,0,0,1,2,2,45,43,0,2,6,2,6
2017,80113,"7_3","8117","Caitlin","Bassett",7,3,"GS",4,60,0,0,1,3,0,47,45,0,3,6,1,9
2017,80113,"8_4","8117","Caitlin","Bassett",8,4,"GS",4,60,0,0,0,1,1,41,38,0,1,7,3,6
2017,80113,"9_1","8117","Caitlin","Bassett",9,1,"GS",4,60,0,0,2,2,0,41,37,0,2,6,2,7
2017,80127,"1_4","801","Ama","Agbeze",1,4,"GD",1,15,0,1,1,0,0,0,0,1,0,2,0,0
2017,80127,"1_4","801","Ama","Agbeze",1,4,"GK",1,15,0,4,2,0,0,0,0,1,0,7,3,0
2017,80127,"1_4","801","Ama","Agbeze",1,4,"I",1,10,0,0,0,0,0,0,0,1,0,1,0,2
2017,80127,"10_3","801","Ama","Agbeze",10,3,"GK",4,60,0,0,5,0,0,0,0,4,0,13,0,0
2017,80127,"11_4","801","Ama","Agbeze",11,4,"GK",4,60,0,0,7,0,0,0,0,4,0,9,0,0
2017,80127,"12_3","801","Ama","Agbeze",12,3,"GK",4,60,0,5,1,0,0,0,0,3,0,20,0,0
2017,80127,"13_4","801","Ama","Agbeze",13,4,"GK",4,55,0,0,3,0,0,0,0,2,0,19,3,0
2017,80127,"14_4","801","Ama","Agbeze",14,4,"GK",4,60,0,0,2,0,0,0,0,3,0,8,1,1
2017,80127,"2_1","801","Ama","Agbeze",2,1,"GD",1,15,0,2,0,0,0,0,0,0,0,3,0,0
2017,80127,"2_1","801","Ama","Agbeze",2,1,"WD",3,45,0,3,3,1,0,0,0,0,1,3,0,2
2017,80127,"3_4","801","Ama","Agbeze",3,4,"WD",4,51,0,3,1,0,0,0,0,1,0,5,0,2
2017,80127,"4_4","801","Ama","Agbeze",4,4,"GD",1,15,0,3,2,0,0,0,0,0,0,1,0,0
2017,80127,"4_4","801","Ama","Agbeze",4,4,"GK",1,15,0,0,1,0,0,0,0,0,0,7,2,1
2017,80127,"4_4","801","Ama","Agbeze",4,4,"WD",2,30,0,7,0,0,0,0,0,0,0,1,0,1
2017,80127,"5_4","801","Ama","Agbeze",5,4,"GK",4,60,0,0,2,0,0,0,0,4,0,17,3,0
2017,80127,"6_3","801","Ama","Agbeze",6,3,"GD",3,45,0,4,7,0,0,0,0,1,0,10,1,2
2017,80127,"6_3","801","Ama","Agbeze",6,3,"GK",1,15,0,0,3,0,0,0,0,0,0,2,0,0
2017,80127,"7_2","801","Ama","Agbeze",7,2,"GD",3,45,0,3,3,0,0,0,0,2,0,8,1,2
2017,80127,"7_2","801","Ama","Agbeze",7,2,"GK",1,15,0,0,1,0,0,0,0,0,0,7,2,0
2017,80127,"8_3","801","Ama","Agbeze",8,3,"GD",4,49,0,8,3,0,0,0,0,0,0,2,0,0
2017,80127,"9_1","801","Ama","Agbeze",9,1,"GK",4,60,0,0,1,0,0,0,0,2,0,20,1,1
2017,80146,"1_4","801","Jade","Clarke",1,4,"C",3,45,0,1,1,12,4,0,0,0,45,3,0,2
2017,80146,"1_4","801","Jade","Clarke",1,4,"WD",1,15,0,3,2,0,0,0,0,0,0,5,0,0
2017,80146,"10_3","801","Jade","Clarke",10,3,"C",3,39,0,0,1,14,2,0,0,1,14,3,0,0
2017,80146,"10_3","801","Jade","Clarke",10,3,"I",1,7,0,0,0,0,0,0,0,1,0,1,0,0
2017,80146,"11_4","801","Jade","Clarke",11,4,"C",4,49,0,0,2,15,6,0,0,0,15,12,0,1
2017,80146,"12_3","801","Jade","Clarke",12,3,"C",2,17,0,0,1,10,1,0,0,0,10,1,0,1
2017,80146,"12_3","801","Jade","Clarke",12,3,"I",1,15,0,0,0,4,2,0,0,0,4,1,0,0
2017,80146,"13_4","801","Jade","Clarke",13,4,"C",3,45,0,0,4,15,9,0,0,0,15,9,0,2
2017,80146,"13_4","801","Jade","Clarke",13,4,"WD",1,7,0,0,1,0,0,0,0,0,0,0,0,0
2017,80146,"14_4","801","Jade","Clarke",14,4,"C",4,60,0,0,1,22,8,0,0,0,22,7,0,2
2017,80146,"2_1","801","Jade","Clarke",2,1,"C",3,45,0,0,4,16,5,0,0,1,51,10,0,4
2017,80146,"2_1","801","Jade","Clarke",2,1,"WD",1,15,0,1,2,0,0,0,0,0,0,3,0,0
2017,80146,"3_4","801","Jade","Clarke",3,4,"C",4,60,0,0,2,13,3,0,0,0,49,8,0,1
2017,80146,"4_4","801","Jade","Clarke",4,4,"C",2,30,0,0,2,7,1,0,0,0,31,5,0,2
2017,80146,"4_4","801","Jade","Clarke",4,4,"WD",2,30,0,4,0,0,0,0,0,0,0,2,0,0
2017,80146,"5_4","801","Jade","Clarke",5,4,"WD",4,60,0,6,1,1,1,0,0,1,1,5,0,1
2017,80146,"6_3","801","Jade","Clarke",6,3,"WD",3,45,0,2,2,0,0,0,0,0,0,8,0,0
2017,80146,"7_2","801","Jade","Clarke",7,2,"C",2,30,0,0,0,6,2,0,0,2,6,5,0,1
2017,80146,"8_3","801","Jade","Clarke",8,3,"C",4,60,0,0,1,10,5,0,0,0,10,7,0,4
2017,80146,"9_1","801","Jade","Clarke",9,1,"C",4,51,0,0,1,21,7,0,0,0,21,7,0,3
2017,80150,"1_1","8118","Jo","Harten",1,1,"GA",1,15,0,7,1,9,4,3,3,0,9,0,0,1
2017,80150,"1_1","8118","Jo","Harten",1,1,"GS",3,45,0,4,0,6,2,25,24,0,6,0,4,1
2017,80150,"10_4","8118","Jo","Harten",10,4,"GS",2,30,0,0,1,1,0,19,16,0,1,2,0,3
2017,80150,"11_4","8118","Jo","Harten",11,4,"GA",2,30,0,6,1,7,5,12,9,0,7,4,0,5
2017,80150,"11_4","8118","Jo","Harten",11,4,"GS",2,30,0,2,2,2,2,17,14,0,2,3,0,2
2017,80150,"12_4","8118","Jo","Harten",12,4,"GA",4,60,0,14,4,6,4,42,36,0,6,2,3,6
2017,80150,"13_1","8118","Jo","Harten",13,1,"GA",3,45,0,8,5,8,6,23,20,0,8,2,1,5
2017,80150,"13_1","8118","Jo","Harten",13,1,"GS",1,15,0,0,0,2,2,10,8,0,2,0,1,1
2017,80150,"14_2","8118","Jo","Harten",14,2,"GA",4,60,0,19,4,8,5,27,24,0,8,2,2,4
2017,80150,"15_1","8118","Jo","Harten",15,1,"GA",4,60,0,17,4,15,9,25,23,3,15,0,1,2
2017,80150,"16_1","8118","Jo","Harten",16,1,"GA",4,60,0,18,3,32,18,25,23,2,32,2,1,7
2017,80150,"17_1","8118","Jo","Harten",17,1,"GA",4,51,0,8,1,13,5,25,20,1,13,1,1,5
2017,80150,"2_2","8118","Jo","Harten",2,2,"GA",1,15,0,6,1,5,3,6,5,0,5,0,0,1
2017,80150,"2_2","8118","Jo","Harten",2,2,"GS",2,30,0,0,0,2,1,28,24,1,2,0,2,4
2017,80150,"3_2","8118","Jo","Harten",3,2,"GS",4,60,0,0,0,3,1,45,43,0,3,1,1,5
2017,80150,"4_3","8118","Jo","Harten",4,3,"GS",2,30,0,0,1,5,0,19,15,0,5,0,1,6
2017,80150,"5_4","8118","Jo","Harten",5,4,"GA",2,30,0,5,1,8,5,20,15,0,8,2,0,3
2017,80150,"5_4","8118","Jo","Harten",5,4,"GS",2,30,0,0,0,2,1,16,12,0,2,0,1,4
2017,80150,"6_2","8118","Jo","Harten",6,2,"GA",1,15,0,6,1,5,2,11,8,0,5,0,1,0
2017,80150,"6_2","8118","Jo","Harten",6,2,"GS",3,45,0,0,0,3,2,26,22,0,3,2,1,8
2017,80150,"7_1","8118","Jo","Harten",7,1,"GS",4,60,0,0,1,5,4,38,36,0,5,1,0,5
2017,80150,"8_2","8118","Jo","Harten",8,2,"GS",4,58,0,0,0,6,2,31,27,1,6,1,2,4
2017,80150,"9_3","8118","Jo","Harten",9,3,"GS",4,60,0,0,1,3,2,34,30,1,3,1,1,7
2017,80152,"1_2","8119","Shae","Brown",1,2,"C",1,15,0,0,1,10,5,0,0,0,24,3,0,1
2017,80152,"1_2","8119","Shae","Brown",1,2,"I",1,15,0,0,0,7,3,0,0,0,20,4,0,0
2017,80152,"11_3","8119","Shae","Brown",11,3,"C",2,30,0,0,0,22,8,0,0,0,22,4,0,1
2017,80152,"12_2","8119","Shae","Brown",12,2,"I",1,6,0,1,0,8,3,0,0,0,8,1,0,1
2017,80152,"13_3","8119","Shae","Brown",13,3,"GA",1,15,0,3,1,2,1,3,2,2,2,2,0,0
2017,80152,"13_3","8119","Shae","Brown",13,3,"I",1,10,0,4,0,1,0,3,2,0,1,2,0,1
2017,80152,"14_4","8119","Shae","Brown",14,4,"GA",3,45,0,13,0,7,6,13,10,1,7,8,1,5
2017,80152,"15_1","8119","Shae","Brown",15,1,"GA",4,60,0,14,3,7,4,16,14,0,7,13,2,3
2017,80152,"3_2","8119","Shae","Brown",3,2,"C",1,15,0,0,2,1,0,0,0,0,18,4,0,0
2017,80152,"4_4","8119","Shae","Brown",4,4,"I",1,7,0,0,0,4,2,0,0,0,11,3,0,0
2017,80152,"6_4","8119","Shae","Brown",6,4,"GA",1,10,0,2,2,1,1,5,3,0,1,1,1,1
2017,80152,"6_4","8119","Shae","Brown",6,4,"I",1,4,0,2,0,0,0,1,0,0,0,1,0,1
2017,80152,"7_4","8119","Shae","Brown",7,4,"GA",1,15,0,7,0,2,1,2,1,0,2,1,0,3
2017,80152,"7_4","8119","Shae","Brown",7,4,"I",1,12,0,3,0,2,2,5,5,0,2,1,0,1
2017,80152,"8_1","8119","Shae","Brown",8,1,"I",1,4,0,0,0,1,1,0,0,0,1,1,0,1
2017,80152,"9_3","8119","Shae","Brown",9,3,"GA",1,7,0,2,0,0,0,2,1,0,0,1,0,1
2017,80178,"10_4","8118","Sarah","Wall",10,4,"WA",3,24,0,4,0,7,2,0,0,0,7,3,0,1
2017,80178,"12_4","8118","Sarah","Wall",12,4,"WA",4,60,0,17,0,21,9,0,0,0,21,6,0,2
2017,80178,"13_1","8118","Sarah","Wall",13,1,"WA",2,24,0,6,1,6,0,0,0,0,6,8,0,0
2017,80178,"14_2","8118","Sarah","Wall",14,2,"WA",1,15,0,4,0,4,2,0,0,0,4,3,0,1
2017,80178,"17_1","8118","Sarah","Wall",17,1,"I",2,21,0,9,0,6,1,0,0,0,6,5,0,0
2017,80178,"7_1","8118","Sarah","Wall",7,1,"I",1,8,0,2,0,4,1,0,0,0,4,1,0,0
2017,80178,"7_1","8118","Sarah","Wall",7,1,"WA",1,15,0,7,0,4,3,0,0,0,4,4,0,0
2017,80178,"8_2","8118","Sarah","Wall",8,2,"WA",2,30,0,12,0,12,4,0,0,0,12,2,0,1
2017,80178,"9_3","8118","Sarah","Wall",9,3,"WA",1,15,0,5,0,5,1,0,0,0,5,3,0,0
2017,80293,"1_2","804","Tegan","Philip",1,2,"GA",4,60,0,22,0,15,5,36,29,0,15,3,1,11
2017,80293,"10_1","804","Tegan","Philip",10,1,"GA",4,60,0,28,1,10,5,33,30,0,10,2,1,4
2017,80293,"11_2","804","Tegan","Philip",11,2,"GA",4,60,0,18,1,9,6,27,23,0,9,5,0,5
2017,80293,"12_4","804","Tegan","Philip",12,4,"GA",4,60,0,19,0,10,7,19,15,0,10,9,1,6
2017,80293,"13_4","804","Tegan","Philip",13,4,"GA",4,60,0,27,2,19,9,31,23,0,19,2,2,4
2017,80293,"14_3","804","Tegan","Philip",14,3,"GA",4,60,0,23,3,12,6,35,31,0,12,3,1,1
2017,80293,"15_2","804","Tegan","Philip",15,2,"GA",4,60,0,23,0,14,7,26,22,0,14,1,0,3
2017,80293,"16_1","804","Tegan","Philip",16,1,"GA",3,45,0,18,1,10,4,20,15,0,10,1,0,6
2017,80293,"16_1","804","Tegan","Philip",16,1,"GS",1,15,0,3,0,1,1,6,5,0,1,0,0,1
2017,80293,"2_4","804","Tegan","Philip",2,4,"GA",4,60,0,29,0,17,7,30,24,0,17,5,1,6
2017,80293,"3_3","804","Tegan","Philip",3,3,"GA",4,60,0,29,2,11,5,23,20,0,11,4,0,4
2017,80293,"4_2","804","Tegan","Philip",4,2,"GA",4,60,0,19,1,6,3,26,20,0,6,4,1,9
2017,80293,"5_2","804","Tegan","Philip",5,2,"GA",4,60,0,27,0,14,4,27,25,0,14,1,0,6
2017,80293,"6_2","804","Tegan","Philip",6,2,"GA",4,60,0,17,0,6,3,32,24,0,6,6,3,5
2017,80293,"7_4","804","Tegan","Philip",7,4,"GA",4,60,0,21,0,9,7,32,27,0,9,2,1,5
2017,80293,"8_3","804","Tegan","Philip",8,3,"GA",4,60,0,25,0,13,8,40,37,0,13,3,0,4
2017,80293,"9_4","804","Tegan","Philip",9,4,"GA",4,60,0,22,0,11,8,29,25,0,11,8,0,3
2017,80296,"1_3","8117","Laura","Scherian",1,3,"WA",4,60,0,19,0,33,11,0,0,0,33,2,0,3
2017,80296,"10_1","8117","Laura","Scherian",10,1,"C",3,45,0,0,1,25,9,0,0,1,25,11,0,3
2017,80296,"10_1","8117","Laura","Scherian",10,1,"WA",1,15,0,5,0,7,3,0,0,0,7,0,0,3
2017,80296,"11_3","8117","Laura","Scherian",11,3,"C",4,60,0,0,0,17,4,0,0,0,17,9,0,3
2017,80296,"12_1","8117","Laura","Scherian",12,1,"C",4,60,0,4,0,29,14,0,0,0,29,6,0,2
2017,80296,"13_2","8117","Laura","Scherian",13,2,"C",3,45,0,0,0,22,11,0,0,2,22,2,0,3
2017,80296,"13_2","8117","Laura","Scherian",13,2,"I",1,7,0,2,0,2,1,0,0,0,2,0,0,0
2017,80296,"14_2","8117","Laura","Scherian",14,2,"C",4,60,0,0,2,33,12,0,0,1,33,13,0,2
2017,80296,"15_2","8117","Laura","Scherian",15,2,"C",4,60,0,0,1,17,8,0,0,0,17,11,0,5
2017,80296,"17_1","8117","Laura","Scherian",17,1,"C",4,60,0,0,0,24,11,0,0,0,24,9,0,2
2017,80296,"2_4","8117","Laura","Scherian",2,4,"WA",1,11,0,4,0,3,1,0,0,0,3,0,0,0
2017,80296,"3_4","8117","Laura","Scherian",3,4,"C",4,60,0,0,0,23,12,0,0,1,67,8,0,2
2017,80296,"4_3","8117","Laura","Scherian",4,3,"C",1,15,0,0,0,3,1,0,0,0,16,1,0,2
2017,80296,"4_3","8117","Laura","Scherian",4,3,"I",1,2,0,0,0,1,0,0,0,0,2,1,0,0
2017,80296,"5_3","8117","Laura","Scherian",5,3,"C",4,60,0,0,2,22,9,0,0,2,22,9,0,2
2017,80296,"6_1","8117","Laura","Scherian",6,1,"C",4,60,0,0,0,22,9,0,0,1,22,11,0,3
2017,80296,"7_3","8117","Laura","Scherian",7,3,"C",4,60,0,0,0,22,7,0,0,1,22,13,0,0
2017,80296,"8_4","8117","Laura","Scherian",8,4,"C",2,30,0,0,0,18,10,0,0,1,18,9,0,4
2017,80296,"9_1","8117","Laura","Scherian",9,1,"C",2,30,0,0,0,10,5,0,0,1,10,3,0,0
2017,80296,"9_1","8117","Laura","Scherian",9,1,"WA",2,30,0,7,2,11,7,0,0,1,11,3,0,2
2017,80299,"1_2","8119","Ash","Brazill",1,2,"WD",4,60,0,10,2,0,0,0,0,0,0,11,0,0
2017,80299,"10_2","8119","Ash","Brazill",10,2,"WD",4,60,0,4,0,0,0,0,0,2,0,11,0,0
2017,80299,"11_3","8119","Ash","Brazill",11,3,"WD",4,60,0,3,1,3,0,0,0,4,3,6,0,1
2017,80299,"12_2","8119","Ash","Brazill",12,2,"WD",4,60,0,3,4,1,1,0,0,2,1,12,0,0
2017,80299,"13_3","8119","Ash","Brazill",13,3,"WD",4,60,0,4,6,1,0,0,0,2,1,12,0,0
2017,80299,"14_4","8119","Ash","Brazill",14,4,"WD",4,60,0,7,5,1,1,0,0,3,1,6,0,2
2017,80299,"15_1","8119","Ash","Brazill",15,1,"WD",4,60,0,5,3,0,0,0,0,2,0,14,0,1
2017,80299,"2_3","8119","Ash","Brazill",2,3,"WD",4,60,0,8,2,0,0,0,0,1,0,12,0,2
2017,80299,"3_2","8119","Ash","Brazill",3,2,"WD",4,60,0,4,2,1,0,0,0,1,1,7,0,1
2017,80299,"4_4","8119","Ash","Brazill",4,4,"WD",4,60,0,9,3,2,1,0,0,3,2,8,0,0
2017,80299,"5_3","8119","Ash","Brazill",5,3,"WD",4,60,0,4,4,0,0,0,0,1,0,14,0,0
2017,80299,"6_4","8119","Ash","Brazill",6,4,"WD",4,60,0,1,2,0,0,0,0,2,0,10,0,2
2017,80299,"7_4","8119","Ash","Brazill",7,4,"WD",4,60,0,6,5,0,0,0,0,1,0,10,0,2
2017,80299,"8_1","8119","Ash","Brazill",8,1,"WD",4,60,0,2,3,2,1,0,0,1,2,6,0,1
2017,80299,"9_3","8119","Ash","Brazill",9,3,"WD",4,60,0,4,1,0,0,0,0,3,0,9,0,1
2017,80301,"1_4","801","Chelsea","Pitman",1,4,"WA",4,60,0,18,2,37,19,0,0,1,37,2,0,3
2017,80301,"10_3","801","Chelsea","Pitman",10,3,"WA",4,60,0,19,1,39,12,0,0,0,39,4,0,5
2017,80301,"11_4","801","Chelsea","Pitman",11,4,"WA",4,60,0,10,2,30,14,0,0,0,30,8,0,1
2017,80301,"12_3","801","Chelsea","Pitman",12,3,"WA",4,60,0,27,2,34,15,0,0,0,34,4,0,5
2017,80301,"13_4","801","Chelsea","Pitman",13,4,"WA",4,60,0,16,0,40,22,0,0,0,40,8,0,4
2017,80301,"14_4","801","Chelsea","Pitman",14,4,"WA",4,60,0,11,0,43,13,0,0,0,43,5,0,0
2017,80301,"2_1","801","Chelsea","Pitman",2,1,"I",1,6,0,2,0,7,3,0,0,0,7,0,0,0
2017,80301,"2_1","801","Chelsea","Pitman",2,1,"WA",3,40,0,13,1,16,3,0,0,0,16,0,0,3
2017,80301,"3_4","801","Chelsea","Pitman",3,4,"WA",4,60,0,19,2,43,14,0,0,2,43,3,0,1
2017,80301,"4_4","801","Chelsea","Pitman",4,4,"WA",3,45,0,9,3,20,9,0,0,2,20,0,0,1
2017,80301,"5_4","801","Chelsea","Pitman",5,4,"I",1,8,0,2,0,4,2,0,0,0,4,0,0,0
2017,80301,"5_4","801","Chelsea","Pitman",5,4,"WA",1,6,0,3,0,1,1,0,0,0,1,0,0,0
2017,80301,"6_3","801","Chelsea","Pitman",6,3,"WA",3,45,0,12,2,20,11,0,0,0,20,1,0,1
2017,80301,"7_2","801","Chelsea","Pitman",7,2,"WA",4,60,0,15,0,30,12,0,0,1,30,6,0,4
2017,80301,"8_3","801","Chelsea","Pitman",8,3,"WA",4,60,0,24,0,42,26,0,0,0,42,3,0,1
2017,80301,"9_1","801","Chelsea","Pitman",9,1,"WA",4,60,0,22,2,32,6,0,0,0,32,4,0,2
2017,80343,"1_4","810","Courtney","Bruce",1,4,"GK",4,60,0,0,8,0,0,0,0,3,0,18,3,1
2017,80343,"10_4","810","Courtney","Bruce",10,4,"GK",4,60,0,0,6,0,0,0,0,2,0,21,2,0
2017,80343,"11_1","810","Courtney","Bruce",11,1,"GK",4,60,0,0,5,0,0,0,0,2,0,22,2,0
2017,80343,"12_1","810","Courtney","Bruce",12,1,"GK",4,60,0,1,5,0,0,0,0,4,0,19,0,0
2017,80343,"13_3","810","Courtney","Bruce",13,3,"GK",4,60,0,0,2,0,0,0,0,7,0,19,2,1
2017,80343,"14_3","810","Courtney","Bruce",14,3,"GK",4,60,0,0,8,0,0,0,0,3,0,23,1,0
2017,80343,"2_2","810","Courtney","Bruce",2,2,"GD",1,15,0,1,1,0,0,0,0,0,0,3,0,1
2017,80343,"2_2","810","Courtney","Bruce",2,2,"GK",3,45,0,0,0,0,0,0,0,3,0,16,1,0
2017,80343,"3_1","810","Courtney","Bruce",3,1,"GK",4,60,1,0,3,0,0,0,0,2,0,19,3,1
2017,80343,"4_2","810","Courtney","Bruce",4,2,"GK",4,60,1,0,6,0,0,0,0,1,0,18,4,0
2017,80343,"5_1","810","Courtney","Bruce",5,1,"GK",4,60,0,0,7,0,0,0,0,5,0,20,1,0
2017,80343,"6_1","810","Courtney","Bruce",6,1,"GD",1,15,0,2,2,0,0,0,0,0,0,8,1,1
2017,80343,"6_1","810","Courtney","Bruce",6,1,"GK",3,45,0,1,3,0,0,0,0,2,0,20,0,1
2017,80343,"7_2","810","Courtney","Bruce",7,2,"GK",4,60,0,0,4,0,0,0,0,7,0,21,2,0
2017,80343,"8_1","810","Courtney","Bruce",8,1,"GK",4,60,0,0,6,0,0,0,0,0,0,21,1,0
2017,80343,"9_2","810","Courtney","Bruce",9,2,"GK",4,60,0,0,3,0,0,0,0,0,0,27,0,0
2017,80353,"1_4","801","Malysha","Kelly",1,4,"GK",1,13,0,0,2,0,0,0,0,0,0,3,0,0
2017,80353,"1_4","801","Malysha","Kelly",1,4,"I",1,15,0,0,0,0,0,0,0,0,0,1,0,0
2017,80353,"12_3","801","Malysha","Kelly",12,3,"I",1,15,0,0,1,0,0,0,0,1,0,5,0,0
2017,80353,"13_4","801","Malysha","Kelly",13,4,"I",1,6,0,0,1,0,0,0,0,0,0,5,0,0
2017,80353,"2_1","801","Malysha","Kelly",2,1,"GD",1,15,0,0,1,0,0,0,0,1,0,0,2,1
2017,80353,"2_1","801","Malysha","Kelly",2,1,"GK",2,30,0,0,4,0,0,0,0,2,0,8,1,0
2017,80353,"3_4","801","Malysha","Kelly",3,4,"GK",4,60,0,0,6,0,0,0,0,6,0,16,2,0
2017,80353,"4_4","801","Malysha","Kelly",4,4,"GK",2,30,0,0,4,0,0,0,0,1,0,10,0,1
2017,80353,"6_3","801","Malysha","Kelly",6,3,"GK",2,30,0,0,5,0,0,0,0,0,0,9,3,0
2017,80353,"8_3","801","Malysha","Kelly",8,3,"GK",2,30,0,0,2,0,0,0,0,0,0,12,0,0
2017,80353,"8_3","801","Malysha","Kelly",8,3,"I",1,12,0,0,0,0,0,0,0,1,0,7,1,1
2017,80393,"1_3","8117","Erena","Mikaere",1,3,"GD",4,57,0,5,3,0,0,0,0,0,0,25,0,2
2017,80393,"10_1","8117","Erena","Mikaere",10,1,"GD",1,15,0,0,2,0,0,0,0,1,0,7,0,0
2017,80393,"10_1","8117","Erena","Mikaere",10,1,"I",2,16,0,0,2,0,0,0,0,0,0,7,0,1
2017,80393,"12_1","8117","Erena","Mikaere",12,1,"I",1,6,0,0,2,0,0,0,0,0,0,3,0,0
2017,80393,"13_2","8117","Erena","Mikaere",13,2,"I",1,7,0,0,0,0,0,0,0,0,0,2,0,0
2017,80393,"3_4","8117","Erena","Mikaere",3,4,"GD",2,30,0,3,3,1,1,0,0,1,1,9,2,0
2017,80393,"4_3","8117","Erena","Mikaere",4,3,"GD",2,30,0,2,5,0,0,0,0,1,0,15,1,0
2017,80393,"4_3","8117","Erena","Mikaere",4,3,"I",1,9,0,0,0,0,0,0,0,0,0,5,0,0
2017,80393,"6_1","8117","Erena","Mikaere",6,1,"GD",1,15,0,1,1,0,0,0,0,0,0,3,0,0
2017,80393,"6_1","8117","Erena","Mikaere",6,1,"I",1,9,0,1,0,0,0,0,0,0,0,4,0,0
2017,80393,"8_4","8117","Erena","Mikaere",8,4,"GD",1,15,0,1,1,0,0,0,0,1,0,8,0,0
2017,80393,"9_1","8117","Erena","Mikaere",9,1,"GD",1,15,0,2,1,0,0,0,0,1,0,5,0,1
2017,80439,"1_1","806","Maddy","Proud",1,1,"C",4,60,0,0,2,33,17,0,0,2,85,11,0,2
2017,80439,"10_3","806","Maddy","Proud",10,3,"C",3,45,0,0,3,25,13,0,0,0,25,11,0,1
2017,80439,"10_3","806","Maddy","Proud",10,3,"WD",1,15,0,4,0,0,0,0,0,0,0,7,0,1
2017,80439,"11_1","806","Maddy","Proud",11,1,"C",4,60,0,0,2,26,8,0,0,1,26,5,0,1
2017,80439,"12_2","806","Maddy","Proud",12,2,"C",4,60,0,0,1,37,15,0,0,0,37,16,0,2
2017,80439,"13_2","806","Maddy","Proud",13,2,"C",3,45,0,0,1,24,9,0,0,0,24,8,0,2
2017,80439,"14_1","806","Maddy","Proud",14,1,"C",2,26,0,0,0,10,6,0,0,0,10,9,0,3
2017,80439,"2_1","806","Maddy","Proud",2,1,"C",4,60,0,0,4,40,16,0,0,0,88,12,0,4
2017,80439,"3_3","806","Maddy","Proud",3,3,"C",4,60,0,0,2,26,12,0,0,3,81,9,0,3
2017,80439,"4_1","806","Maddy","Proud",4,1,"C",4,60,0,0,3,25,10,0,0,1,78,10,0,3
2017,80439,"5_1","806","Maddy","Proud",5,1,"C",3,45,0,0,0,22,10,0,0,0,22,6,0,2
2017,80439,"6_4","806","Maddy","Proud",6,4,"C",4,60,0,0,0,40,14,0,0,2,40,17,0,1
2017,80439,"7_1","806","Maddy","Proud",7,1,"C",4,60,0,0,2,36,12,0,0,0,36,11,0,0
2017,80439,"8_4","806","Maddy","Proud",8,4,"C",3,45,0,0,1,20,5,0,0,1,20,6,0,1
2017,80439,"8_4","806","Maddy","Proud",8,4,"I",1,15,0,0,0,1,0,0,0,0,1,0,0,0
2017,80439,"9_4","806","Maddy","Proud",9,4,"C",2,30,0,0,2,14,7,0,0,0,14,6,0,2
2017,80439,"9_4","806","Maddy","Proud",9,4,"WD",2,30,0,4,2,1,0,0,0,2,1,11,0,0
2017,80440,"1_3","807","Kate","Shimmin",1,3,"GD",2,24,0,1,1,0,0,0,0,1,0,11,0,0
2017,80440,"1_3","807","Kate","Shimmin",1,3,"I",1,7,1,2,2,0,0,0,0,0,0,1,0,0
2017,80440,"10_2","807","Kate","Shimmin",10,2,"GD",3,43,0,12,5,0,0,0,0,0,0,8,1,0
2017,80440,"11_2","807","Kate","Shimmin",11,2,"GK",2,30,1,0,3,0,0,0,0,1,0,4,0,0
2017,80440,"11_2","807","Kate","Shimmin",11,2,"I",1,10,0,0,1,0,0,0,0,0,0,1,0,0
2017,80440,"12_3","807","Kate","Shimmin",12,3,"GD",4,55,2,3,4,0,0,0,0,4,0,17,2,1
2017,80440,"13_1","807","Kate","Shimmin",13,1,"GD",4,60,0,6,1,2,1,0,0,1,2,16,1,0
2017,80440,"14_1","807","Kate","Shimmin",14,1,"GD",4,60,0,0,6,0,0,0,0,1,0,13,0,0
2017,80440,"2_3","807","Kate","Shimmin",2,3,"GD",4,60,4,10,8,0,0,0,0,0,0,23,2,0
2017,80440,"3_1","807","Kate","Shimmin",3,1,"GD",4,60,0,5,0,0,0,0,0,0,0,9,1,1
2017,80440,"4_1","807","Kate","Shimmin",4,1,"GD",2,28,0,2,4,0,0,0,0,1,0,11,2,1
2017,80440,"4_1","807","Kate","Shimmin",4,1,"I",1,8,0,0,0,1,1,0,0,3,1,1,0,0
2017,80440,"5_2","807","Kate","Shimmin",5,2,"GD",4,51,0,2,3,0,0,0,0,0,0,15,1,1
2017,80440,"6_3","807","Kate","Shimmin",6,3,"GD",4,60,0,2,3,0,0,0,0,3,0,16,3,1
2017,80440,"7_3","807","Kate","Shimmin",7,3,"GD",3,41,0,0,1,0,0,0,0,4,0,11,0,0
2017,80440,"7_3","807","Kate","Shimmin",7,3,"I",1,6,0,0,1,0,0,0,0,0,0,0,1,0
2017,80440,"8_2","807","Kate","Shimmin",8,2,"GD",4,46,0,2,5,0,0,0,0,0,0,15,2,0
2017,80440,"9_2","807","Kate","Shimmin",9,2,"GD",4,60,1,3,4,0,0,0,0,1,0,18,5,1
2017,80449,"10_2","8119","Cody","Lange",10,2,"GA",3,40,0,11,1,6,4,18,16,0,6,4,0,2
2017,80449,"11_3","8119","Cody","Lange",11,3,"GA",2,30,0,6,1,3,2,14,8,0,3,2,0,3
2017,80449,"12_2","8119","Cody","Lange",12,2,"GA",1,15,0,7,0,6,1,9,5,0,6,1,0,3
2017,80449,"12_2","8119","Cody","Lange",12,2,"I",1,7,0,4,0,0,0,4,4,0,0,0,0,0
2017,80449,"3_2","8119","Cody","Lange",3,2,"GA",2,30,0,12,0,7,5,3,2,0,7,2,0,1
2017,80449,"3_2","8119","Cody","Lange",3,2,"I",1,5,0,0,0,0,0,1,1,0,0,1,0,1
2017,80449,"4_4","8119","Cody","Lange",4,4,"GA",3,42,0,6,0,7,3,22,10,0,7,3,1,7
2017,80449,"5_3","8119","Cody","Lange",5,3,"GA",4,54,0,16,1,10,4,11,8,0,10,6,0,4
2017,80449,"6_4","8119","Cody","Lange",6,4,"GA",3,42,0,13,0,5,3,19,16,0,5,1,0,4
2017,80449,"6_4","8119","Cody","Lange",6,4,"I",1,6,0,2,0,1,0,0,0,0,1,0,0,0
2017,80449,"7_4","8119","Cody","Lange",7,4,"GA",3,34,0,14,0,6,4,9,7,0,6,0,0,3
2017,80449,"9_3","8119","Cody","Lange",9,3,"GA",2,30,0,14,0,6,3,7,4,1,6,1,0,2
2017,80449,"9_3","8119","Cody","Lange",9,3,"I",1,9,0,2,0,1,0,4,4,0,1,0,0,0
2017,80452,"1_4","810","Shannon","Eagland",1,4,"WD",2,30,0,2,0,0,0,0,0,0,0,5,0,0
2017,80452,"2_2","810","Shannon","Eagland",2,2,"I",1,15,0,0,2,0,0,0,0,1,0,2,0,0
2017,80452,"2_2","810","Shannon","Eagland",2,2,"WD",2,30,0,0,0,0,0,0,0,0,0,10,1,2
2017,80452,"3_1","810","Shannon","Eagland",3,1,"WD",4,60,0,0,0,0,0,0,0,1,0,16,0,2
2017,80452,"4_2","810","Shannon","Eagland",4,2,"WD",1,5,0,0,1,0,0,0,0,0,0,0,0,0
2017,80470,"1_2","8119","April","Brandley",1,2,"GD",4,60,0,2,2,0,0,0,0,0,0,12,0,1
2017,80470,"10_2","8119","April","Brandley",10,2,"GD",4,60,0,2,2,0,0,0,0,1,0,17,0,2
2017,80470,"11_3","8119","April","Brandley",11,3,"GD",4,60,0,2,1,0,0,0,0,0,0,15,0,0
2017,80470,"12_2","8119","April","Brandley",12,2,"GD",4,53,0,2,2,0,0,0,0,3,0,9,0,1
2017,80470,"13_3","8119","April","Brandley",13,3,"GD",4,60,0,0,7,0,0,0,0,1,0,14,0,1
2017,80470,"14_4","8119","April","Brandley",14,4,"GD",4,60,0,5,4,0,0,0,0,3,0,15,1,0
2017,80470,"15_1","8119","April","Brandley",15,1,"GD",4,60,0,1,5,0,0,0,0,2,0,17,0,0
2017,80470,"2_3","8119","April","Brandley",2,3,"GD",4,60,0,0,4,0,0,0,0,0,0,16,1,1
2017,80470,"3_2","8119","April","Brandley",3,2,"GD",4,60,0,1,2,0,0,0,0,1,0,21,0,0
2017,80470,"4_4","8119","April","Brandley",4,4,"GD",4,52,0,2,4,0,0,0,0,1,0,9,1,0
2017,80470,"5_3","8119","April","Brandley",5,3,"GD",4,60,0,3,5,0,0,0,0,1,0,18,1,0
2017,80470,"6_4","8119","April","Brandley",6,4,"GD",4,60,0,6,6,0,0,0,0,1,0,10,1,0
2017,80470,"7_4","8119","April","Brandley",7,4,"GD",4,60,0,4,5,0,0,0,0,0,0,14,1,2
2017,80470,"8_1","8119","April","Brandley",8,1,"GD",4,56,0,5,6,0,0,0,0,2,0,12,2,1
2017,80470,"9_3","8119","April","Brandley",9,3,"GD",4,60,0,1,1,0,0,0,0,0,0,17,0,2
2017,80473,"1_4","810","Verity","Charles",1,4,"WA",4,60,0,15,1,33,14,0,0,0,33,6,0,5
2017,80473,"10_4","810","Verity","Charles",10,4,"C",4,60,0,0,1,20,6,0,0,0,20,10,0,2
2017,80473,"11_1","810","Verity","Charles",11,1,"C",4,60,0,0,3,37,7,0,0,2,37,12,0,0
2017,80473,"12_1","810","Verity","Charles",12,1,"C",3,45,0,0,1,26,3,0,0,0,26,5,0,4
2017,80473,"12_1","810","Verity","Charles",12,1,"WD",1,6,0,0,0,4,0,0,0,1,4,0,0,0
2017,80473,"13_3","810","Verity","Charles",13,3,"C",4,60,0,0,1,32,7,0,0,0,32,9,0,2
2017,80473,"14_3","810","Verity","Charles",14,3,"C",4,60,0,0,6,20,7,0,0,1,20,7,0,4
2017,80473,"2_2","810","Verity","Charles",2,2,"C",2,30,0,0,1,12,6,0,0,0,41,4,0,2
2017,80473,"2_2","810","Verity","Charles",2,2,"WA",2,30,0,11,0,12,4,0,0,0,12,1,0,0
2017,80473,"3_1","810","Verity","Charles",3,1,"C",4,60,0,0,1,27,12,0,0,1,76,14,0,1
2017,80473,"4_2","810","Verity","Charles",4,2,"C",4,60,0,0,1,24,8,0,0,0,75,11,0,2
2017,80473,"5_1","810","Verity","Charles",5,1,"C",4,60,0,0,0,29,9,0,0,0,29,7,0,2
2017,80473,"6_1","810","Verity","Charles",6,1,"C",2,30,0,0,0,14,5,0,0,0,14,5,0,0
2017,80473,"6_1","810","Verity","Charles",6,1,"WA",2,30,0,13,1,25,9,0,0,0,25,1,0,1
2017,80473,"7_2","810","Verity","Charles",7,2,"C",4,60,0,0,0,34,13,0,0,1,34,9,0,0
2017,80473,"8_1","810","Verity","Charles",8,1,"C",4,60,0,0,0,37,11,0,0,2,37,11,0,5
2017,80473,"9_2","810","Verity","Charles",9,2,"C",4,60,0,0,2,44,10,0,0,1,44,13,0,2
2017,80474,"12_2","8119","Micaela","Wilson",12,2,"I",1,8,0,0,0,0,0,0,0,1,0,1,0,0
2017,80474,"4_4","8119","Micaela","Wilson",4,4,"I",1,9,0,1,3,0,0,0,0,0,0,2,0,0
2017,80474,"8_1","8119","Micaela","Wilson",8,1,"I",1,5,0,0,0,0,0,0,0,1,0,0,0,0
2017,80475,"10_1","8117","Stephanie","Wood",10,1,"GA",4,60,0,20,0,25,13,22,18,0,25,3,1,1
2017,80475,"11_3","8117","Stephanie","Wood",11,3,"GA",4,60,0,14,0,26,14,23,19,0,26,4,0,3
2017,80475,"12_1","8117","Stephanie","Wood",12,1,"GA",4,60,0,17,0,16,11,32,25,0,16,2,1,3
2017,80475,"13_2","8117","Stephanie","Wood",13,2,"GA",2,30,0,10,1,13,7,11,9,1,13,0,0,4
2017,80475,"14_2","8117","Stephanie","Wood",14,2,"GA",4,60,0,15,1,13,6,22,17,0,13,3,0,4
2017,80475,"15_2","8117","Stephanie","Wood",15,2,"GA",4,60,0,21,0,29,15,14,12,0,29,6,0,3
2017,80475,"17_1","8117","Stephanie","Wood",17,1,"GA",4,60,0,19,1,27,20,20,16,0,27,3,1,4
2017,80475,"4_3","8117","Stephanie","Wood",4,3,"GA",2,30,0,10,0,13,6,8,7,0,13,3,0,3
2017,80475,"5_3","8117","Stephanie","Wood",5,3,"GA",4,60,0,15,0,15,5,18,13,0,15,6,0,4
2017,80475,"6_1","8117","Stephanie","Wood",6,1,"GA",4,60,0,17,0,19,9,25,23,0,19,5,0,3
2017,80475,"7_3","8117","Stephanie","Wood",7,3,"GA",4,60,0,17,0,35,15,18,15,1,35,2,0,4
2017,80475,"8_4","8117","Stephanie","Wood",8,4,"GA",4,60,0,25,1,19,7,21,17,0,19,1,1,3
2017,80475,"9_1","8117","Stephanie","Wood",9,1,"GA",4,60,0,15,0,23,8,25,22,0,23,2,0,7
2017,80534,"1_4","810","Stacey","Francis",1,4,"GD",4,60,0,13,4,2,1,0,0,2,2,10,0,2
2017,80534,"10_4","810","Stacey","Francis",10,4,"GD",4,60,0,4,6,1,1,0,0,1,1,12,0,0
2017,80534,"11_1","810","Stacey","Francis",11,1,"GD",4,60,0,5,3,0,0,0,0,2,0,11,1,0
2017,80534,"12_1","810","Stacey","Francis",12,1,"GD",4,60,0,5,2,0,0,0,0,2,0,11,2,2
2017,80534,"13_3","810","Stacey","Francis",13,3,"GD",4,60,0,3,3,0,0,0,0,1,0,11,0,2
2017,80534,"14_3","810","Stacey","Francis",14,3,"GD",4,60,0,10,5,0,0,0,0,1,0,9,0,1
2017,80534,"2_2","810","Stacey","Francis",2,2,"GD",3,37,0,4,4,1,1,0,0,1,1,3,1,2
2017,80534,"2_2","810","Stacey","Francis",2,2,"GK",1,15,0,0,3,0,0,0,0,0,0,1,1,0
2017,80534,"3_1","810","Stacey","Francis",3,1,"GD",4,60,0,6,1,0,0,0,0,2,0,25,0,3
2017,80534,"4_2","810","Stacey","Francis",4,2,"GD",4,60,0,9,4,0,0,0,0,1,0,11,2,1
2017,80534,"5_1","810","Stacey","Francis",5,1,"GD",4,60,0,4,6,0,0,0,0,0,0,10,1,1
2017,80534,"6_1","810","Stacey","Francis",6,1,"GD",3,45,0,1,4,0,0,0,0,1,0,10,0,0
2017,80534,"6_1","810","Stacey","Francis",6,1,"WD",1,15,0,0,0,0,0,0,0,1,0,3,0,0
2017,80534,"7_2","810","Stacey","Francis",7,2,"GD",4,60,0,6,6,0,0,0,0,1,0,14,0,1
2017,80534,"8_1","810","Stacey","Francis",8,1,"GD",4,60,0,1,5,0,0,0,0,6,0,21,1,1
2017,80534,"9_2","810","Stacey","Francis",9,2,"GD",4,60,0,7,6,1,0,0,0,0,1,21,0,1
2017,80535,"1_1","8118","Serena","Guthrie",1,1,"C",4,60,0,0,2,24,9,0,0,1,77,9,0,3
2017,80535,"10_4","8118","Serena","Guthrie",10,4,"C",4,60,0,1,4,24,9,0,0,3,24,11,0,3
2017,80535,"11_4","8118","Serena","Guthrie",11,4,"C",2,30,0,0,3,17,7,0,0,2,17,7,0,2
2017,80535,"11_4","8118","Serena","Guthrie",11,4,"WA",2,30,0,4,1,12,4,0,0,3,12,7,0,2
2017,80535,"12_4","8118","Serena","Guthrie",12,4,"C",4,60,0,0,5,42,21,0,0,1,42,13,0,1
2017,80535,"13_1","8118","Serena","Guthrie",13,1,"C",4,60,0,0,4,32,15,0,0,1,32,11,0,1
2017,80535,"14_2","8118","Serena","Guthrie",14,2,"C",4,60,0,0,2,33,15,0,0,0,33,16,0,4
2017,80535,"15_1","8118","Serena","Guthrie",15,1,"C",4,60,0,0,2,26,12,0,0,0,26,9,0,3
2017,80535,"16_1","8118","Serena","Guthrie",16,1,"C",4,60,0,0,1,25,8,0,0,0,25,10,0,0
2017,80535,"17_1","8118","Serena","Guthrie",17,1,"C",4,60,0,0,3,18,8,0,0,2,18,10,0,1
2017,80535,"2_2","8118","Serena","Guthrie",2,2,"C",4,52,0,0,2,25,8,0,0,2,75,4,0,1
2017,80535,"3_2","8118","Serena","Guthrie",3,2,"C",4,60,0,0,5,36,14,0,0,0,88,8,0,5
2017,80535,"4_3","8118","Serena","Guthrie",4,3,"C",4,60,0,0,3,20,9,0,0,1,66,8,0,1
2017,80535,"5_4","8118","Serena","Guthrie",5,4,"C",3,45,0,0,0,21,7,0,0,2,21,9,0,0
2017,80535,"5_4","8118","Serena","Guthrie",5,4,"WA",1,15,0,3,1,5,1,0,0,1,5,1,0,1
2017,80535,"6_2","8118","Serena","Guthrie",6,2,"C",4,60,0,0,4,22,10,0,0,1,22,11,0,2
2017,80535,"7_1","8118","Serena","Guthrie",7,1,"C",4,60,0,0,2,41,19,0,0,2,41,18,0,2
2017,80535,"8_2","8118","Serena","Guthrie",8,2,"C",4,58,0,0,3,37,10,0,0,0,37,11,0,5
2017,80535,"9_3","8118","Serena","Guthrie",9,3,"C",4,60,0,0,2,28,12,0,0,0,28,8,0,2
2017,80540,"1_2","804","Mwai","Kumwenda",1,2,"GS",4,60,0,0,0,8,3,30,29,0,8,3,2,9
2017,80540,"10_1","804","Mwai","Kumwenda",10,1,"GS",4,60,0,0,0,5,4,40,40,0,5,1,0,4
2017,80540,"11_2","804","Mwai","Kumwenda",11,2,"GS",4,60,0,0,0,2,1,47,43,0,2,3,0,3
2017,80540,"12_4","804","Mwai","Kumwenda",12,4,"GS",4,55,0,0,1,3,1,36,34,0,3,0,1,4
2017,80540,"13_4","804","Mwai","Kumwenda",13,4,"GS",4,60,0,0,1,1,1,53,48,0,1,3,3,6
2017,80540,"14_3","804","Mwai","Kumwenda",14,3,"GS",4,60,0,0,1,4,3,39,37,0,4,2,3,3
2017,80540,"15_2","804","Mwai","Kumwenda",15,2,"GS",4,60,0,0,1,1,1,38,33,0,1,2,1,4
2017,80540,"16_1","804","Mwai","Kumwenda",16,1,"GA",1,15,0,2,0,2,1,15,14,0,2,3,1,0
2017,80540,"16_1","804","Mwai","Kumwenda",16,1,"GS",3,45,0,0,0,6,1,29,23,0,6,3,3,4
2017,80540,"2_4","804","Mwai","Kumwenda",2,4,"GS",4,60,0,0,0,4,1,36,28,0,4,1,4,2
2017,80540,"3_3","804","Mwai","Kumwenda",3,3,"GS",4,60,0,0,1,3,0,43,39,1,3,2,2,4
2017,80540,"4_2","804","Mwai","Kumwenda",4,2,"GS",4,60,0,0,0,3,0,39,36,0,3,6,2,4
2017,80540,"5_2","804","Mwai","Kumwenda",5,2,"GS",4,60,0,0,0,2,1,43,41,0,2,1,2,4
2017,80540,"6_2","804","Mwai","Kumwenda",6,2,"GS",4,60,0,0,1,5,5,38,35,0,5,4,1,2
2017,80540,"7_4","804","Mwai","Kumwenda",7,4,"GS",4,60,0,0,1,9,5,35,33,0,9,6,1,3
2017,80540,"8_3","804","Mwai","Kumwenda",8,3,"GS",4,60,0,0,1,6,4,39,38,0,6,1,2,2
2017,80540,"9_4","804","Mwai","Kumwenda",9,4,"GS",4,60,0,0,0,5,4,40,37,0,5,4,1,2
2017,80552,"10_2","807","Erin","Burger",10,2,"C",4,60,0,0,1,16,9,0,0,2,16,16,0,3
2017,80552,"11_2","807","Erin","Burger",11,2,"C",1,15,0,0,0,1,0,0,0,0,1,1,0,0
2017,80552,"12_3","807","Erin","Burger",12,3,"C",4,51,0,0,4,18,7,0,0,4,18,13,0,1
2017,80552,"13_1","807","Erin","Burger",13,1,"C",4,60,0,0,3,16,5,0,0,1,16,14,0,0
2017,80552,"14_1","807","Erin","Burger",14,1,"C",4,60,0,0,4,23,9,0,0,2,23,12,0,5
2017,80552,"3_1","807","Erin","Burger",3,1,"C",4,60,0,0,2,25,10,0,0,2,72,8,0,2
2017,80552,"4_1","807","Erin","Burger",4,1,"C",4,60,0,0,2,22,11,0,0,2,77,7,1,4
2017,80552,"5_2","807","Erin","Burger",5,2,"C",3,42,0,0,2,9,3,0,0,2,9,7,0,4
2017,80552,"6_3","807","Erin","Burger",6,3,"C",4,52,0,0,1,19,7,0,0,0,19,6,0,3
2017,80552,"8_2","807","Erin","Burger",8,2,"C",2,30,0,0,1,10,4,0,0,2,10,7,0,0
2017,80552,"9_2","807","Erin","Burger",9,2,"C",4,60,0,0,3,18,6,0,0,0,18,16,0,2
2017,80559,"1_3","8117","Karla","Mostert",1,3,"I",1,4,0,1,0,0,0,0,0,0,0,4,0,0
2017,80559,"10_1","8117","Karla","Mostert",10,1,"GD",3,31,0,2,2,0,0,0,0,1,0,6,0,0
2017,80559,"11_3","8117","Karla","Mostert",11,3,"GD",4,60,0,7,5,0,0,0,0,1,0,24,0,1
2017,80559,"12_1","8117","Karla","Mostert",12,1,"GD",4,55,0,9,2,0,0,0,0,3,0,20,1,0
2017,80559,"13_2","8117","Karla","Mostert",13,2,"GD",4,54,0,4,5,0,0,0,0,3,0,16,1,0
2017,80559,"14_2","8117","Karla","Mostert",14,2,"GD",4,60,0,8,3,0,0,0,0,1,0,23,0,0
2017,80559,"15_2","8117","Karla","Mostert",15,2,"GD",4,60,0,3,5,0,0,0,0,1,0,19,1,1
2017,80559,"17_1","8117","Karla","Mostert",17,1,"GD",4,60,0,8,3,1,0,0,0,3,1,13,1,1
2017,80559,"2_4","8117","Karla","Mostert",2,4,"GD",4,60,0,1,2,0,0,0,0,3,0,26,3,0
2017,80559,"3_4","8117","Karla","Mostert",3,4,"GD",2,30,0,7,3,0,0,0,0,2,0,11,3,2
2017,80559,"4_3","8117","Karla","Mostert",4,3,"GD",2,22,0,5,0,0,0,0,0,0,0,12,0,2
2017,80559,"4_3","8117","Karla","Mostert",4,3,"WD",2,30,0,3,1,0,0,0,0,3,0,11,0,0
2017,80559,"5_3","8117","Karla","Mostert",5,3,"GD",4,60,0,5,4,0,0,0,0,4,0,16,0,2
2017,80559,"6_1","8117","Karla","Mostert",6,1,"GD",3,37,0,6,3,0,0,0,0,1,0,11,0,0
2017,80559,"6_1","8117","Karla","Mostert",6,1,"WD",1,15,0,2,2,0,0,0,0,2,0,4,0,1
2017,80559,"7_3","8117","Karla","Mostert",7,3,"GD",4,60,0,4,5,0,0,0,0,1,0,18,0,0
2017,80559,"8_4","8117","Karla","Mostert",8,4,"GD",3,45,0,7,2,0,0,0,0,5,0,14,1,1
2017,80559,"9_1","8117","Karla","Mostert",9,1,"GD",3,45,1,7,5,0,0,0,0,3,0,16,1,0
2017,80570,"1_4","801","Karyn","Bailey",1,4,"GS",4,60,0,0,1,4,2,42,37,0,5,1,5,6
2017,80570,"10_3","801","Karyn","Bailey",10,3,"GS",3,45,0,0,0,1,1,23,19,0,1,1,3,3
2017,80570,"12_3","801","Karyn","Bailey",12,3,"GS",2,30,0,0,0,0,0,22,21,0,0,2,1,1
2017,80570,"12_3","801","Karyn","Bailey",12,3,"I",1,10,0,0,0,0,0,5,4,0,0,0,1,0
2017,80570,"13_4","801","Karyn","Bailey",13,4,"GS",1,12,0,0,0,1,0,9,6,0,1,0,1,4
2017,80570,"13_4","801","Karyn","Bailey",13,4,"I",1,10,0,0,0,0,0,2,2,0,0,0,0,1
2017,80570,"14_4","801","Karyn","Bailey",14,4,"GS",2,30,0,0,0,2,2,19,16,0,2,1,3,2
2017,80570,"2_1","801","Karyn","Bailey",2,1,"GS",3,45,0,3,0,2,1,21,19,0,2,1,2,2
2017,80570,"3_4","801","Karyn","Bailey",3,4,"GA",1,13,0,2,0,0,0,9,7,0,0,2,0,1
2017,80570,"3_4","801","Karyn","Bailey",3,4,"GS",2,30,0,0,0,0,0,16,11,0,0,3,3,3
2017,80570,"3_4","801","Karyn","Bailey",3,4,"I",1,7,0,1,0,0,0,5,4,0,0,0,0,1
2017,80570,"4_4","801","Karyn","Bailey",4,4,"GS",1,15,0,0,0,0,0,12,10,0,0,2,2,2
2017,80570,"5_4","801","Karyn","Bailey",5,4,"GS",3,38,0,0,1,1,1,16,12,0,1,0,2,3
2017,80570,"5_4","801","Karyn","Bailey",5,4,"I",1,11,0,0,0,0,0,1,0,0,0,0,0,1
2017,80570,"6_3","801","Karyn","Bailey",6,3,"GS",1,15,0,0,0,0,0,4,4,0,0,1,0,1
2017,80570,"7_2","801","Karyn","Bailey",7,2,"GS",1,15,0,0,0,0,0,5,4,0,0,1,1,2
2017,80570,"7_2","801","Karyn","Bailey",7,2,"I",1,11,0,0,0,0,0,5,5,0,0,2,0,0
2017,80570,"8_3","801","Karyn","Bailey",8,3,"GS",4,60,0,0,1,0,0,44,39,0,0,1,1,6
2017,80570,"9_1","801","Karyn","Bailey",9,1,"GS",4,60,0,0,1,1,1,45,34,0,1,3,6,5
2017,80572,"12_4","804","Khao","Watts",12,4,"WA",1,15,0,7,0,6,3,0,0,0,6,1,0,0
2017,80572,"12_4","804","Khao","Watts",12,4,"WD",1,15,0,0,1,0,0,0,0,0,0,2,0,0
2017,80572,"14_3","804","Khao","Watts",14,3,"I",1,10,0,3,0,5,2,0,0,0,5,0,0,0
2017,80572,"16_1","804","Khao","Watts",16,1,"I",1,4,0,2,0,3,1,0,0,0,3,0,0,0
2017,80572,"16_1","804","Khao","Watts",16,1,"WA",1,15,0,5,0,9,3,0,0,0,9,0,0,2
2017,80572,"4_2","804","Khao","Watts",4,2,"WA",3,45,0,11,0,22,8,0,0,0,22,2,0,3
2017,80574,"1_1","806","Paige","Hadley",1,1,"WA",4,60,0,30,1,34,17,0,0,2,34,4,0,2
2017,80574,"12_2","806","Paige","Hadley",12,2,"WA",2,30,0,9,0,12,6,0,0,0,12,1,0,1
2017,80574,"12_2","806","Paige","Hadley",12,2,"WD",2,30,0,3,1,0,0,0,0,1,0,6,0,2
2017,80574,"13_2","806","Paige","Hadley",13,2,"WA",2,30,0,4,0,20,8,0,0,0,20,3,0,0
2017,80574,"13_2","806","Paige","Hadley",13,2,"WD",2,30,0,4,1,4,1,0,0,1,4,3,0,0
2017,80574,"14_1","806","Paige","Hadley",14,1,"C",2,30,0,0,2,17,8,0,0,0,17,4,0,3
2017,80574,"14_1","806","Paige","Hadley",14,1,"WA",2,30,0,13,0,19,6,0,0,0,19,1,0,1
2017,80574,"2_1","806","Paige","Hadley",2,1,"WA",4,60,0,16,3,32,12,0,0,2,32,4,0,3
2017,80574,"3_3","806","Paige","Hadley",3,3,"WA",4,60,0,23,1,38,16,0,0,1,38,3,0,4
2017,80574,"4_1","806","Paige","Hadley",4,1,"WA",4,60,0,30,0,41,7,0,0,1,41,0,0,2
2017,80574,"5_1","806","Paige","Hadley",5,1,"C",1,15,0,0,0,4,1,0,0,0,4,3,0,1
2017,80574,"5_1","806","Paige","Hadley",5,1,"WA",3,45,0,13,0,30,9,0,0,1,30,5,0,6
2017,80574,"6_4","806","Paige","Hadley",6,4,"WA",4,60,0,27,0,22,12,0,0,2,22,7,0,5
2017,80574,"7_1","806","Paige","Hadley",7,1,"WA",4,60,0,32,1,33,13,0,0,2,33,7,0,1
2017,80574,"8_4","806","Paige","Hadley",8,4,"I",1,8,0,3,0,3,1,0,0,0,3,0,0,1
2017,80574,"8_4","806","Paige","Hadley",8,4,"WA",2,30,0,16,0,18,7,0,0,0,18,3,0,3
2017,80575,"10_1","8117","Kelsey","Browne",10,1,"WA",3,45,0,21,1,20,9,0,0,0,20,2,0,0
2017,80575,"11_3","8117","Kelsey","Browne",11,3,"WA",4,60,0,18,0,38,13,0,0,0,38,3,0,2
2017,80575,"12_1","8117","Kelsey","Browne",12,1,"WA",4,55,0,17,0,28,10,0,0,1,28,6,0,4
2017,80575,"13_2","8117","Kelsey","Browne",13,2,"WA",4,54,0,18,0,30,12,0,0,0,30,1,0,7
2017,80575,"14_2","8117","Kelsey","Browne",14,2,"WA",4,60,0,28,1,36,14,0,0,0,36,5,0,1
2017,80575,"15_2","8117","Kelsey","Browne",15,2,"WA",4,60,0,22,0,28,10,0,0,0,28,9,0,2
2017,80575,"17_1","8117","Kelsey","Browne",17,1,"WA",4,60,0,21,1,30,12,0,0,1,30,6,0,3
2017,80575,"2_4","8117","Kelsey","Browne",2,4,"I",1,5,0,1,0,2,1,0,0,0,2,2,0,1
2017,80575,"2_4","8117","Kelsey","Browne",2,4,"WA",3,45,0,20,0,26,9,0,0,0,26,4,0,0
2017,80575,"3_4","8117","Kelsey","Browne",3,4,"WA",4,60,0,16,1,31,9,0,0,0,31,3,0,1
2017,80575,"4_3","8117","Kelsey","Browne",4,3,"WA",4,60,0,21,0,25,13,0,0,0,25,3,0,1
2017,80575,"5_3","8117","Kelsey","Browne",5,3,"WA",4,60,0,18,0,39,16,0,0,0,39,4,0,5
2017,80575,"6_1","8117","Kelsey","Browne",6,1,"WA",4,60,0,18,0,30,16,0,0,1,30,4,0,3
2017,80575,"7_3","8117","Kelsey","Browne",7,3,"WA",4,60,0,15,0,26,8,0,0,0,26,2,0,1
2017,80575,"8_4","8117","Kelsey","Browne",8,4,"WA",4,60,0,16,0,31,13,0,0,0,31,4,0,2
2017,80575,"9_1","8117","Kelsey","Browne",9,1,"WA",2,30,0,6,0,14,6,0,0,0,14,4,0,4
2017,80577,"1_2","804","Jo","Weston",1,2,"GD",4,60,1,1,4,0,0,0,0,2,0,14,2,0
2017,80577,"10_1","804","Jo","Weston",10,1,"GD",4,60,0,7,2,0,0,0,0,1,0,17,2,1
2017,80577,"11_2","804","Jo","Weston",11,2,"GD",4,60,0,6,5,1,1,0,0,5,1,18,0,0
2017,80577,"12_4","804","Jo","Weston",12,4,"GD",4,60,0,3,3,1,0,0,0,2,1,14,1,0
2017,80577,"13_4","804","Jo","Weston",13,4,"GD",4,60,0,7,3,0,0,0,0,2,0,10,4,0
2017,80577,"14_3","804","Jo","Weston",14,3,"GD",4,60,0,5,4,0,0,0,0,4,0,13,1,2
2017,80577,"15_2","804","Jo","Weston",15,2,"GD",4,60,0,3,3,0,0,0,0,1,0,20,2,1
2017,80577,"16_1","804","Jo","Weston",16,1,"GD",4,60,0,3,5,3,2,0,0,2,3,14,1,0
2017,80577,"2_4","804","Jo","Weston",2,4,"GD",3,41,0,0,2,0,0,0,0,4,0,14,0,3
2017,80577,"2_4","804","Jo","Weston",2,4,"I",1,11,0,0,0,0,0,0,0,1,0,4,0,0
2017,80577,"3_3","804","Jo","Weston",3,3,"GD",4,60,0,1,6,0,0,0,0,1,0,20,2,3
2017,80577,"4_2","804","Jo","Weston",4,2,"GD",4,60,0,4,4,1,1,0,0,1,1,15,1,0
2017,80577,"5_2","804","Jo","Weston",5,2,"GD",4,60,0,3,0,1,1,0,0,0,1,18,3,1
2017,80577,"6_2","804","Jo","Weston",6,2,"GD",4,60,0,4,5,0,0,0,0,1,0,17,2,0
2017,80577,"7_4","804","Jo","Weston",7,4,"GD",4,60,0,6,3,0,0,0,0,0,0,13,1,1
2017,80577,"8_3","804","Jo","Weston",8,3,"GD",4,60,1,7,0,0,0,0,0,1,0,14,3,1
2017,80577,"9_4","804","Jo","Weston",9,4,"GD",4,60,0,2,1,0,0,0,0,0,0,9,1,2
2017,80701,"1_1","8118","Jamie-Lee","Price",1,1,"WD",4,60,0,0,1,0,0,0,0,1,0,6,0,0
2017,80701,"10_4","8118","Jamie-Lee","Price",10,4,"WD",4,60,0,1,3,4,0,0,0,0,4,10,0,0
2017,80701,"11_4","8118","Jamie-Lee","Price",11,4,"C",2,30,0,0,2,13,12,0,0,0,13,7,0,0
2017,80701,"11_4","8118","Jamie-Lee","Price",11,4,"WD",2,30,0,0,2,0,0,0,0,2,0,7,0,0
2017,80701,"12_4","8118","Jamie-Lee","Price",12,4,"WD",4,60,0,4,3,0,0,0,0,2,0,10,0,0
2017,80701,"13_1","8118","Jamie-Lee","Price",13,1,"WD",4,60,0,6,1,0,0,0,0,1,0,15,0,1
2017,80701,"14_2","8118","Jamie-Lee","Price",14,2,"WD",4,60,0,5,3,0,0,0,0,2,0,15,0,0
2017,80701,"15_1","8118","Jamie-Lee","Price",15,1,"WD",4,60,0,4,2,0,0,0,0,1,0,14,0,0
2017,80701,"16_1","8118","Jamie-Lee","Price",16,1,"WD",4,60,0,2,5,0,0,0,0,1,0,11,0,3
2017,80701,"17_1","8118","Jamie-Lee","Price",17,1,"WD",4,60,0,5,7,1,1,0,0,1,1,16,0,1
2017,80701,"2_2","8118","Jamie-Lee","Price",2,2,"WD",4,60,0,5,3,0,0,0,0,1,0,10,0,2
2017,80701,"3_2","8118","Jamie-Lee","Price",3,2,"WD",4,60,0,5,2,0,0,0,0,2,0,7,0,0
2017,80701,"4_3","8118","Jamie-Lee","Price",4,3,"WD",4,60,0,1,2,2,1,0,0,1,2,14,0,1
2017,80701,"5_4","8118","Jamie-Lee","Price",5,4,"C",1,13,0,0,1,8,4,0,0,0,8,0,0,1
2017,80701,"5_4","8118","Jamie-Lee","Price",5,4,"WD",3,45,0,1,5,0,0,0,0,2,0,14,0,4
2017,80701,"6_2","8118","Jamie-Lee","Price",6,2,"WD",4,60,0,0,3,0,0,0,0,2,0,7,0,0
2017,80701,"7_1","8118","Jamie-Lee","Price",7,1,"WD",4,60,0,3,3,0,0,0,0,1,0,6,0,1
2017,80701,"8_2","8118","Jamie-Lee","Price",8,2,"WD",4,58,0,5,0,0,0,0,0,0,0,11,0,1
2017,80701,"9_3","8118","Jamie-Lee","Price",9,3,"WD",4,60,0,8,2,0,0,0,0,1,0,16,0,0
2017,80833,"1_2","8119","Kim","Ravaillion",1,2,"C",2,30,0,0,0,19,9,0,0,0,42,8,0,1
2017,80833,"10_2","8119","Kim","Ravaillion",10,2,"C",4,60,0,0,0,26,14,0,0,0,26,13,0,2
2017,80833,"11_3","8119","Kim","Ravaillion",11,3,"C",2,30,0,0,0,19,6,0,0,0,19,6,0,1
2017,80833,"12_2","8119","Kim","Ravaillion",12,2,"C",4,60,0,0,0,34,13,0,0,2,34,13,0,1
2017,80833,"13_3","8119","Kim","Ravaillion",13,3,"C",4,60,0,0,0,26,9,0,0,0,26,12,0,5
2017,80833,"14_4","8119","Kim","Ravaillion",14,4,"C",4,60,0,0,1,23,11,0,0,0,23,14,0,4
2017,80833,"15_1","8119","Kim","Ravaillion",15,1,"C",4,60,0,0,1,29,10,0,0,2,29,17,0,3
2017,80833,"2_3","8119","Kim","Ravaillion",2,3,"C",4,60,0,0,0,26,10,0,0,0,76,15,0,2
2017,80833,"3_2","8119","Kim","Ravaillion",3,2,"C",3,45,0,0,1,13,4,0,0,1,50,6,0,5
2017,80833,"4_4","8119","Kim","Ravaillion",4,4,"C",4,60,0,1,2,37,16,0,0,2,82,7,0,0
2017,80833,"5_3","8119","Kim","Ravaillion",5,3,"C",4,60,0,0,0,31,9,0,0,0,31,12,0,4
2017,80833,"6_4","8119","Kim","Ravaillion",6,4,"C",4,60,0,0,1,31,19,0,0,0,31,13,0,2
2017,80833,"7_4","8119","Kim","Ravaillion",7,4,"C",4,60,0,0,0,28,10,0,0,0,28,6,0,5
2017,80833,"8_1","8119","Kim","Ravaillion",8,1,"C",4,57,0,0,1,19,5,0,0,0,19,17,0,4
2017,80833,"9_3","8119","Kim","Ravaillion",9,3,"C",4,60,0,0,0,28,12,0,0,1,28,10,0,2
2017,991899,"1_1","8118","Sam","Poolman",1,1,"GK",4,60,0,0,3,0,0,0,0,1,0,8,0,0
2017,991899,"10_4","8118","Sam","Poolman",10,4,"GK",4,60,0,0,7,0,0,0,0,2,0,12,3,0
2017,991899,"11_4","8118","Sam","Poolman",11,4,"GK",4,60,0,0,2,0,0,0,0,2,0,14,3,0
2017,991899,"12_4","8118","Sam","Poolman",12,4,"GK",4,60,0,0,5,0,0,0,0,3,0,11,0,0
2017,991899,"13_1","8118","Sam","Poolman",13,1,"GK",4,60,0,0,2,0,0,0,0,1,0,15,3,0
2017,991899,"14_2","8118","Sam","Poolman",14,2,"GK",4,60,0,0,5,0,0,0,0,1,0,18,2,1
2017,991899,"15_1","8118","Sam","Poolman",15,1,"GK",4,60,0,0,1,0,0,0,0,3,0,9,4,0
2017,991899,"16_1","8118","Sam","Poolman",16,1,"GK",4,60,0,0,6,0,0,0,0,0,0,11,4,0
2017,991899,"17_1","8118","Sam","Poolman",17,1,"GK",4,60,0,0,2,0,0,0,0,4,0,14,0,0
2017,991899,"2_2","8118","Sam","Poolman",2,2,"GK",4,52,0,0,3,0,0,0,0,0,0,12,2,0
2017,991899,"3_2","8118","Sam","Poolman",3,2,"GK",4,60,0,0,7,0,0,0,0,2,0,8,6,0
2017,991899,"4_3","8118","Sam","Poolman",4,3,"GK",4,60,0,0,2,0,0,0,0,4,0,18,0,0
2017,991899,"5_4","8118","Sam","Poolman",5,4,"GK",4,60,0,0,6,0,0,0,0,6,0,11,4,0
2017,991899,"6_2","8118","Sam","Poolman",6,2,"GK",4,60,0,0,3,0,0,0,0,1,0,12,3,0
2017,991899,"7_1","8118","Sam","Poolman",7,1,"GK",4,60,0,0,5,0,0,0,0,4,0,13,0,0
2017,991899,"8_2","8118","Sam","Poolman",8,2,"GK",4,58,0,0,4,0,0,0,0,1,0,16,3,0
2017,991899,"9_3","8118","Sam","Poolman",9,3,"GK",4,60,0,0,5,0,0,0,0,2,0,17,3,0
2017,991901,"1_2","804","Kate","Moloney",1,2,"C",4,60,0,0,1,22,13,0,0,0,70,10,0,0
2017,991901,"10_1","804","Kate","Moloney",10,1,"C",4,60,0,0,2,38,17,0,0,1,38,3,0,0
2017,991901,"11_2","804","Kate","Moloney",11,2,"C",4,60,0,0,0,25,12,0,0,0,25,9,0,4
2017,991901,"12_4","804","Kate","Moloney",12,4,"C",3,45,0,0,0,25,12,0,0,0,25,7,0,2
2017,991901,"12_4","804","Kate","Moloney",12,4,"WD",1,15,0,0,0,0,0,0,0,0,0,1,0,0
2017,991901,"13_4","804","Kate","Moloney",13,4,"C",4,60,0,0,2,30,9,0,0,1,30,6,0,0
2017,991901,"14_3","804","Kate","Moloney",14,3,"C",4,54,0,0,2,30,11,0,0,3,30,6,0,2
2017,991901,"15_2","804","Kate","Moloney",15,2,"C",4,60,0,0,2,26,9,0,0,0,26,6,0,2
2017,991901,"16_1","804","Kate","Moloney",16,1,"C",3,45,0,1,1,21,11,0,0,0,21,6,0,1
2017,991901,"16_1","804","Kate","Moloney",16,1,"WD",1,15,0,3,1,0,0,0,0,0,0,3,0,0
2017,991901,"2_4","804","Kate","Moloney",2,4,"C",3,45,0,2,0,20,8,0,0,1,53,8,0,2
2017,991901,"2_4","804","Kate","Moloney",2,4,"WA",1,15,0,4,0,7,3,0,0,0,7,1,0,0
2017,991901,"3_3","804","Kate","Moloney",3,3,"C",4,60,0,0,0,20,9,0,0,0,76,8,0,3
2017,991901,"4_2","804","Kate","Moloney",4,2,"C",1,15,0,0,0,5,1,0,0,1,18,4,0,0
2017,991901,"4_2","804","Kate","Moloney",4,2,"WD",3,45,0,7,0,0,0,0,0,2,0,1,0,2
2017,991901,"5_2","804","Kate","Moloney",5,2,"C",4,60,0,0,0,25,5,0,0,0,25,4,0,2
2017,991901,"6_2","804","Kate","Moloney",6,2,"C",4,60,0,0,6,28,15,0,0,1,28,6,0,2
2017,991901,"7_4","804","Kate","Moloney",7,4,"C",4,60,0,0,2,23,8,0,0,1,23,7,0,2
2017,991901,"8_3","804","Kate","Moloney",8,3,"C",4,60,0,0,2,24,12,0,0,2,24,5,0,4
2017,991901,"9_4","804","Kate","Moloney",9,4,"C",4,60,0,0,4,36,16,0,0,1,36,11,0,1
2017,991903,"1_3","807","Laura","Clemesha",1,3,"GK",4,60,0,0,9,0,0,0,0,0,0,19,0,1
2017,991903,"10_2","807","Laura","Clemesha",10,2,"GK",4,60,0,0,5,0,0,0,0,0,0,13,0,0
2017,991903,"11_2","807","Laura","Clemesha",11,2,"GK",2,21,0,0,2,0,0,0,0,1,0,5,0,0
2017,991903,"12_3","807","Laura","Clemesha",12,3,"GK",4,60,0,0,4,0,0,0,0,2,0,16,0,0
2017,991903,"13_1","807","Laura","Clemesha",13,1,"GK",4,60,0,0,2,0,0,0,0,1,0,14,4,0
2017,991903,"14_1","807","Laura","Clemesha",14,1,"GK",4,60,0,0,5,0,0,0,0,2,0,13,3,0
2017,991903,"2_3","807","Laura","Clemesha",2,3,"GK",4,60,0,0,1,0,0,0,0,0,0,20,4,2
2017,991903,"3_1","807","Laura","Clemesha",3,1,"GK",4,60,0,0,4,0,0,0,0,1,0,22,3,2
2017,991903,"4_1","807","Laura","Clemesha",4,1,"GK",4,60,0,0,3,0,0,0,0,2,0,20,1,1
2017,991903,"5_2","807","Laura","Clemesha",5,2,"GK",4,60,0,0,1,0,0,0,0,2,0,24,0,0
2017,991903,"6_3","807","Laura","Clemesha",6,3,"GK",4,60,0,0,7,0,0,0,0,0,0,13,1,0
2017,991903,"7_3","807","Laura","Clemesha",7,3,"GK",4,60,0,0,1,0,0,0,0,1,0,25,1,0
2017,991903,"8_2","807","Laura","Clemesha",8,2,"GK",4,58,0,0,1,0,0,0,0,3,0,18,1,0
2017,991903,"9_2","807","Laura","Clemesha",9,2,"GK",4,60,0,0,8,0,0,0,0,0,0,27,2,0
2017,991904,"1_1","806","Abbey","McCulloch",1,1,"WD",4,60,0,2,2,0,0,0,0,1,0,6,0,0
2017,991904,"12_2","806","Abbey","McCulloch",12,2,"WD",2,30,0,3,0,0,0,0,0,0,0,5,0,2
2017,991904,"13_2","806","Abbey","McCulloch",13,2,"I",1,11,0,2,0,0,0,0,0,1,0,1,0,1
2017,991904,"13_2","806","Abbey","McCulloch",13,2,"WD",2,30,0,9,1,0,0,0,0,0,0,6,0,1
2017,991904,"14_1","806","Abbey","McCulloch",14,1,"WD",4,60,0,6,1,0,0,0,0,2,0,17,0,2
2017,991904,"2_1","806","Abbey","McCulloch",2,1,"WD",4,60,0,7,4,1,1,0,0,1,1,8,0,0
2017,991904,"3_3","806","Abbey","McCulloch",3,3,"WD",4,60,0,8,1,0,0,0,0,0,0,5,0,2
2017,991904,"4_1","806","Abbey","McCulloch",4,1,"WD",4,60,0,2,3,0,0,0,0,0,0,5,0,0
2017,991904,"5_1","806","Abbey","McCulloch",5,1,"WD",4,60,0,7,0,0,0,0,0,0,0,8,0,1
2017,991904,"6_4","806","Abbey","McCulloch",6,4,"WD",4,60,0,6,1,0,0,0,0,0,0,11,0,1
2017,991904,"7_1","806","Abbey","McCulloch",7,1,"WD",4,60,0,6,4,0,0,0,0,0,0,8,0,0
2017,991904,"8_4","806","Abbey","McCulloch",8,4,"WD",4,60,0,4,1,1,0,0,0,1,1,16,0,1
2017,991904,"9_4","806","Abbey","McCulloch",9,4,"WD",2,30,0,4,1,0,0,0,0,0,0,5,0,0
2017,991905,"1_3","807","Gabi","Simpson",1,3,"WD",4,60,0,2,3,1,0,0,0,3,1,6,0,1
2017,991905,"10_2","807","Gabi","Simpson",10,2,"WD",4,60,0,11,2,2,0,0,0,3,2,13,0,1
2017,991905,"11_2","807","Gabi","Simpson",11,2,"WD",4,60,0,6,4,3,0,0,0,0,3,8,0,0
2017,991905,"12_3","807","Gabi","Simpson",12,3,"WD",4,60,0,9,1,2,1,0,0,1,2,10,0,1
2017,991905,"13_1","807","Gabi","Simpson",13,1,"WD",4,60,0,5,5,1,1,0,0,3,1,13,0,0
2017,991905,"14_1","807","Gabi","Simpson",14,1,"WD",4,60,0,9,2,1,0,0,0,3,1,8,0,1
2017,991905,"2_3","807","Gabi","Simpson",2,3,"WD",4,60,0,8,3,1,0,0,0,0,1,12,0,0
2017,991905,"3_1","807","Gabi","Simpson",3,1,"WD",4,60,0,11,1,0,0,0,0,1,0,6,0,0
2017,991905,"4_1","807","Gabi","Simpson",4,1,"WD",4,60,0,3,3,0,0,0,0,1,0,10,0,1
2017,991905,"5_2","807","Gabi","Simpson",5,2,"WD",4,60,0,8,3,1,0,0,0,2,1,9,0,1
2017,991905,"6_3","807","Gabi","Simpson",6,3,"WD",4,60,0,5,3,0,0,0,0,3,0,8,0,1
2017,991905,"7_3","807","Gabi","Simpson",7,3,"WD",4,60,0,0,2,0,0,0,0,0,0,15,0,2
2017,991905,"8_2","807","Gabi","Simpson",8,2,"WD",4,58,0,2,6,0,0,0,0,1,0,8,0,1
2017,991905,"9_2","807","Gabi","Simpson",9,2,"WD",4,60,0,8,5,0,0,0,0,0,0,11,0,2
2017,992954,"1_3","807","Caitlyn","Nevins",1,3,"C",2,30,0,0,0,23,4,0,0,0,52,8,0,2
2017,992954,"1_3","807","Caitlyn","Nevins",1,3,"WA",2,30,0,15,0,19,5,0,0,0,24,3,0,1
2017,992954,"10_2","807","Caitlyn","Nevins",10,2,"WA",4,60,0,14,1,26,6,0,0,1,26,9,0,6
2017,992954,"11_2","807","Caitlyn","Nevins",11,2,"C",1,15,0,0,0,4,1,0,0,0,4,1,0,1
2017,992954,"11_2","807","Caitlyn","Nevins",11,2,"WA",3,45,0,19,0,16,6,0,0,0,16,2,0,1
2017,992954,"12_3","807","Caitlyn","Nevins",12,3,"WA",4,60,0,15,2,32,9,0,0,0,32,3,0,2
2017,992954,"13_1","807","Caitlyn","Nevins",13,1,"WA",4,60,0,21,0,36,19,0,0,0,36,8,0,4
2017,992954,"14_1","807","Caitlyn","Nevins",14,1,"WA",4,60,0,19,1,31,15,0,0,0,31,1,0,1
2017,992954,"2_3","807","Caitlyn","Nevins",2,3,"C",4,60,0,0,1,34,7,0,0,0,83,9,0,1
2017,992954,"3_1","807","Caitlyn","Nevins",3,1,"WA",4,60,0,18,0,28,6,0,0,0,28,2,0,2
2017,992954,"4_1","807","Caitlyn","Nevins",4,1,"WA",4,60,0,33,0,34,7,0,0,0,34,2,0,3
2017,992954,"5_2","807","Caitlyn","Nevins",5,2,"C",1,15,0,0,0,4,1,0,0,0,4,3,0,1
2017,992954,"5_2","807","Caitlyn","Nevins",5,2,"I",1,15,0,8,1,17,4,0,0,0,17,0,0,0
2017,992954,"5_2","807","Caitlyn","Nevins",5,2,"WA",2,30,0,3,0,13,4,0,0,0,13,2,0,1
2017,992954,"6_3","807","Caitlyn","Nevins",6,3,"WA",4,60,0,17,1,42,15,0,0,0,42,8,0,3
2017,992954,"7_3","807","Caitlyn","Nevins",7,3,"C",4,60,0,0,0,37,9,0,0,0,37,7,0,1
2017,992954,"8_2","807","Caitlyn","Nevins",8,2,"WA",4,58,0,27,0,40,12,0,0,1,40,5,0,4
2017,992954,"9_2","807","Caitlyn","Nevins",9,2,"WA",4,60,0,19,1,30,6,0,0,0,30,2,0,2
2017,993360,"1_4","810","Ingrid","Colyer",1,4,"C",4,60,0,0,2,9,5,0,0,1,55,17,0,2
2017,993360,"10_4","810","Ingrid","Colyer",10,4,"WA",4,60,0,16,0,23,6,0,0,1,23,5,0,1
2017,993360,"11_1","810","Ingrid","Colyer",11,1,"WA",4,60,0,22,1,33,8,0,0,0,33,6,0,2
2017,993360,"12_1","810","Ingrid","Colyer",12,1,"WA",4,60,0,20,1,30,11,0,0,0,30,5,0,0
2017,993360,"13_3","810","Ingrid","Colyer",13,3,"WA",4,60,0,21,3,22,7,0,0,0,22,4,0,3
2017,993360,"14_3","810","Ingrid","Colyer",14,3,"WA",4,51,0,17,1,24,5,0,0,0,24,8,0,2
2017,993360,"2_2","810","Ingrid","Colyer",2,2,"C",1,15,0,0,0,5,1,0,0,0,17,3,0,0
2017,993360,"2_2","810","Ingrid","Colyer",2,2,"I",1,9,0,0,0,4,2,0,0,0,12,2,0,2
2017,993360,"2_2","810","Ingrid","Colyer",2,2,"WA",1,15,0,8,0,12,4,0,0,1,12,1,0,2
2017,993360,"3_1","810","Ingrid","Colyer",3,1,"WA",2,30,0,10,0,13,2,0,0,0,13,4,0,2
2017,993360,"4_2","810","Ingrid","Colyer",4,2,"I",1,11,0,3,1,0,0,0,0,0,0,0,0,0
2017,993360,"4_2","810","Ingrid","Colyer",4,2,"WA",3,45,0,14,1,19,11,0,0,0,19,4,0,3
2017,993360,"5_1","810","Ingrid","Colyer",5,1,"WA",4,60,0,19,0,9,2,0,0,0,9,7,0,2
2017,993360,"6_1","810","Ingrid","Colyer",6,1,"C",1,7,0,0,0,4,2,0,0,0,4,2,0,0
2017,993360,"6_1","810","Ingrid","Colyer",6,1,"WA",2,30,0,17,1,10,2,0,0,0,10,0,0,0
2017,993360,"7_2","810","Ingrid","Colyer",7,2,"WA",4,60,0,18,2,26,8,0,0,0,26,8,0,4
2017,993360,"8_1","810","Ingrid","Colyer",8,1,"WA",4,60,0,20,0,16,4,0,0,0,16,6,0,2
2017,993360,"9_2","810","Ingrid","Colyer",9,2,"WA",4,60,0,20,1,23,2,0,0,0,23,4,0,2
2017,993463,"1_3","807","Gretel","Tippett",1,3,"GA",4,60,0,11,1,20,2,24,16,3,20,3,2,3
2017,993463,"10_2","807","Gretel","Tippett",10,2,"GA",4,60,0,12,0,28,15,15,12,0,28,6,0,3
2017,993463,"11_2","807","Gretel","Tippett",11,2,"GA",3,45,0,11,0,18,8,14,9,0,18,3,3,3
2017,993463,"11_2","807","Gretel","Tippett",11,2,"WA",1,15,0,5,0,8,5,0,0,0,8,0,0,1
2017,993463,"12_3","807","Gretel","Tippett",12,3,"GA",4,60,0,20,2,33,11,24,20,1,33,5,1,7
2017,993463,"13_1","807","Gretel","Tippett",13,1,"GA",4,60,0,15,1,28,11,22,16,1,28,4,3,5
2017,993463,"14_1","807","Gretel","Tippett",14,1,"GA",4,60,0,26,1,30,10,34,29,0,30,1,2,5
2017,993463,"2_3","807","Gretel","Tippett",2,3,"GA",4,60,0,20,2,23,13,10,9,0,23,12,0,6
2017,993463,"3_1","807","Gretel","Tippett",3,1,"GA",4,60,0,13,2,30,17,22,16,0,30,3,0,8
2017,993463,"4_1","807","Gretel","Tippett",4,1,"GA",4,60,0,15,1,26,8,22,17,0,26,3,2,8
2017,993463,"5_2","807","Gretel","Tippett",5,2,"GA",3,45,0,16,0,17,4,11,8,0,17,4,0,8
2017,993463,"6_3","807","Gretel","Tippett",6,3,"GA",4,60,0,15,4,10,4,31,21,1,10,10,6,7
2017,993463,"7_3","807","Gretel","Tippett",7,3,"GA",1,15,0,2,0,10,2,3,2,0,10,6,0,3
2017,993463,"7_3","807","Gretel","Tippett",7,3,"WA",3,45,0,26,1,22,7,2,2,0,22,8,0,4
2017,993463,"8_2","807","Gretel","Tippett",8,2,"GA",4,58,0,18,1,25,12,18,14,1,25,11,1,7
2017,993463,"9_2","807","Gretel","Tippett",9,2,"GA",4,60,0,18,0,25,11,19,17,0,25,4,2,3
2017,994213,"1_2","804","Emily","Mannix",1,2,"GK",4,60,0,0,4,0,0,0,0,2,0,16,1,2
2017,994213,"10_1","804","Emily","Mannix",10,1,"GK",4,60,0,0,4,0,0,0,0,3,0,18,1,0
2017,994213,"11_2","804","Emily","Mannix",11,2,"GK",4,60,0,0,3,0,0,0,0,2,0,19,0,0
2017,994213,"12_4","804","Emily","Mannix",12,4,"GK",4,60,0,0,3,0,0,0,0,2,0,10,3,0
2017,994213,"13_4","804","Emily","Mannix",13,4,"GK",4,60,0,0,7,0,0,0,0,7,0,12,2,2
2017,994213,"14_3","804","Emily","Mannix",14,3,"GK",4,55,0,0,2,0,0,0,0,3,0,12,2,0
2017,994213,"15_2","804","Emily","Mannix",15,2,"GK",4,60,0,0,8,0,0,0,0,1,0,16,0,0
2017,994213,"16_1","804","Emily","Mannix",16,1,"GK",4,60,0,0,8,0,0,0,0,3,0,14,0,0
2017,994213,"2_4","804","Emily","Mannix",2,4,"GD",1,15,0,0,0,0,0,0,0,1,0,6,0,0
2017,994213,"2_4","804","Emily","Mannix",2,4,"GK",2,30,0,0,1,0,0,0,0,2,0,15,1,0
2017,994213,"2_4","804","Emily","Mannix",2,4,"I",1,5,0,0,0,0,0,0,0,1,0,0,0,0
2017,994213,"3_3","804","Emily","Mannix",3,3,"GK",4,60,1,0,10,0,0,0,0,3,0,13,4,2
2017,994213,"4_2","804","Emily","Mannix",4,2,"GK",4,60,0,0,9,0,0,0,0,2,0,20,3,1
2017,994213,"5_2","804","Emily","Mannix",5,2,"GK",4,60,0,0,2,0,0,0,0,2,0,26,0,0
2017,994213,"6_2","804","Emily","Mannix",6,2,"GK",4,60,1,0,4,0,0,0,0,1,0,13,0,0
2017,994213,"7_4","804","Emily","Mannix",7,4,"GK",4,60,0,0,5,0,0,0,0,1,0,17,1,0
2017,994213,"8_3","804","Emily","Mannix",8,3,"GK",4,60,0,0,5,0,0,0,0,3,0,15,3,0
2017,994213,"9_4","804","Emily","Mannix",9,4,"GK",4,60,0,0,2,0,0,0,0,2,0,17,0,0
2017,994215,"1_2","8119","Alice","Teague-Neeld",1,2,"GA",2,28,0,6,0,9,6,4,2,0,9,1,0,8
2017,994215,"1_2","8119","Alice","Teague-Neeld",1,2,"I",1,15,0,9,2,3,1,1,1,0,3,1,0,1
2017,994215,"10_2","8119","Alice","Teague-Neeld",10,2,"GA",1,15,0,8,0,2,2,5,2,0,2,3,0,0
2017,994215,"10_2","8119","Alice","Teague-Neeld",10,2,"I",1,6,0,3,0,1,1,0,0,0,1,1,0,0
2017,994215,"11_3","8119","Alice","Teague-Neeld",11,3,"GA",2,30,0,16,1,5,3,9,8,0,5,7,1,3
2017,994215,"12_2","8119","Alice","Teague-Neeld",12,2,"GA",3,38,0,16,2,11,6,9,5,2,11,3,2,4
2017,994215,"13_3","8119","Alice","Teague-Neeld",13,3,"GA",3,36,0,17,0,8,3,1,0,0,8,6,0,2
2017,994215,"14_4","8119","Alice","Teague-Neeld",14,4,"GA",1,15,0,7,0,3,2,1,0,0,3,5,0,1
2017,994215,"2_3","8119","Alice","Teague-Neeld",2,3,"GA",4,60,0,24,1,2,1,31,22,1,2,7,1,7
2017,994215,"3_2","8119","Alice","Teague-Neeld",3,2,"GA",2,26,0,5,0,1,1,10,6,0,1,2,0,9
2017,994215,"4_4","8119","Alice","Teague-Neeld",4,4,"GA",1,15,0,8,0,0,0,8,6,0,0,0,0,2
2017,994215,"4_4","8119","Alice","Teague-Neeld",4,4,"I",1,4,0,1,0,0,0,4,2,0,0,1,0,3
2017,994215,"5_3","8119","Alice","Teague-Neeld",5,3,"I",1,8,0,2,0,1,1,2,0,0,1,1,0,1
2017,994215,"8_1","8119","Alice","Teague-Neeld",8,1,"GA",4,60,0,24,1,8,7,10,6,2,8,6,1,4
2017,994215,"9_3","8119","Alice","Teague-Neeld",9,3,"GA",1,15,0,4,0,3,2,3,2,0,3,2,0,4
2017,994224,"1_2","804","Liz","Watson",1,2,"WA",4,60,0,24,0,32,15,0,0,0,32,3,0,2
2017,994224,"10_1","804","Liz","Watson",10,1,"WA",4,60,0,24,0,48,26,0,0,0,48,5,0,4
2017,994224,"11_2","804","Liz","Watson",11,2,"WA",4,60,0,23,1,51,30,0,0,1,51,6,0,2
2017,994224,"12_4","804","Liz","Watson",12,4,"C",1,15,0,0,0,15,9,0,0,0,15,3,0,0
2017,994224,"12_4","804","Liz","Watson",12,4,"WA",3,45,0,23,0,23,10,0,0,0,23,4,0,0
2017,994224,"13_4","804","Liz","Watson",13,4,"WA",4,60,0,17,2,36,28,0,0,1,36,2,0,2
2017,994224,"14_3","804","Liz","Watson",14,3,"WA",4,59,0,15,0,36,17,0,0,2,36,5,0,3
2017,994224,"15_2","804","Liz","Watson",15,2,"WA",4,60,0,23,1,41,15,0,0,0,41,7,0,4
2017,994224,"16_1","804","Liz","Watson",16,1,"C",1,15,0,0,0,9,6,0,0,1,9,2,0,1
2017,994224,"16_1","804","Liz","Watson",16,1,"WA",3,45,0,15,1,26,8,0,0,1,26,6,0,2
2017,994224,"2_4","804","Liz","Watson",2,4,"C",1,15,0,0,0,9,2,0,0,0,21,1,0,2
2017,994224,"2_4","804","Liz","Watson",2,4,"WA",3,45,0,17,0,20,6,0,0,0,27,8,0,7
2017,994224,"3_3","804","Liz","Watson",3,3,"WA",4,60,0,23,1,35,23,0,0,0,35,3,0,3
2017,994224,"4_2","804","Liz","Watson",4,2,"C",3,45,0,0,0,29,8,0,0,0,65,6,0,1
2017,994224,"4_2","804","Liz","Watson",4,2,"WA",1,15,0,5,1,17,10,0,0,0,17,1,0,0
2017,994224,"5_2","804","Liz","Watson",5,2,"WA",4,60,0,15,0,34,16,0,0,0,34,7,0,4
2017,994224,"6_2","804","Liz","Watson",6,2,"WA",4,60,0,27,0,43,24,0,0,2,43,3,0,4
2017,994224,"7_4","804","Liz","Watson",7,4,"WA",4,60,0,23,1,37,21,0,0,1,37,2,0,3
2017,994224,"8_3","804","Liz","Watson",8,3,"WA",4,60,0,16,0,32,24,0,0,0,32,4,0,1
2017,994224,"9_4","804","Liz","Watson",9,4,"WA",4,60,0,31,0,39,19,0,0,1,39,5,0,4
2017,994226,"1_2","804","Chloe","Watson",1,2,"WD",4,60,0,1,0,0,0,0,0,1,0,11,0,1
2017,994226,"10_1","804","Chloe","Watson",10,1,"WD",4,60,0,4,2,0,0,0,0,0,0,8,0,0
2017,994226,"11_2","804","Chloe","Watson",11,2,"WD",4,60,0,8,0,0,0,0,0,4,0,9,0,1
2017,994226,"12_4","804","Chloe","Watson",12,4,"WD",2,30,0,1,0,0,0,0,0,0,0,5,0,2
2017,994226,"13_4","804","Chloe","Watson",13,4,"WD",4,60,0,6,1,0,0,0,0,1,0,7,0,0
2017,994226,"14_3","804","Chloe","Watson",14,3,"WD",4,60,0,4,0,0,0,0,0,0,0,3,0,0
2017,994226,"15_2","804","Chloe","Watson",15,2,"WD",4,60,0,6,0,0,0,0,0,0,0,8,0,0
2017,994226,"16_1","804","Chloe","Watson",16,1,"WD",3,43,0,7,0,0,0,0,0,0,0,14,0,2
2017,994226,"2_4","804","Chloe","Watson",2,4,"WD",4,60,0,1,3,0,0,0,0,1,0,8,0,2
2017,994226,"3_3","804","Chloe","Watson",3,3,"WD",4,60,0,3,3,0,0,0,0,1,0,12,0,2
2017,994226,"4_2","804","Chloe","Watson",4,2,"WD",1,15,0,2,1,0,0,0,0,1,0,1,0,1
2017,994226,"5_2","804","Chloe","Watson",5,2,"WD",4,60,0,11,0,0,0,0,0,2,0,7,0,1
2017,994226,"6_2","804","Chloe","Watson",6,2,"WD",4,60,0,6,2,0,0,0,0,1,0,11,0,1
2017,994226,"7_4","804","Chloe","Watson",7,4,"WD",4,60,0,5,1,0,0,0,0,1,0,6,0,1
2017,994226,"8_3","804","Chloe","Watson",8,3,"WD",4,60,0,15,2,0,0,0,0,0,0,8,0,0
2017,994226,"9_4","804","Chloe","Watson",9,4,"WD",4,60,0,2,2,0,0,0,0,1,0,15,0,0
2017,994232,"1_4","801","Fiona","Themann",1,4,"GD",3,39,0,0,2,0,0,0,0,0,0,12,0,0
2017,994232,"1_4","801","Fiona","Themann",1,4,"GK",1,15,0,0,0,0,0,0,0,0,0,1,0,0
2017,994232,"10_3","801","Fiona","Themann",10,3,"GD",4,60,0,6,5,0,0,0,0,1,0,17,1,1
2017,994232,"11_4","801","Fiona","Themann",11,4,"GD",4,60,0,8,3,1,1,0,0,2,1,17,1,2
2017,994232,"12_3","801","Fiona","Themann",12,3,"GD",4,46,0,3,2,0,0,0,0,3,0,15,3,1
2017,994232,"13_4","801","Fiona","Themann",13,4,"GD",4,60,0,7,9,0,0,0,0,4,0,12,0,1
2017,994232,"14_4","801","Fiona","Themann",14,4,"GD",4,60,0,9,2,0,0,0,0,2,0,10,1,1
2017,994232,"2_1","801","Fiona","Themann",2,1,"GD",2,30,0,2,3,0,0,0,0,2,0,6,1,1
2017,994232,"2_1","801","Fiona","Themann",2,1,"GK",2,30,0,1,2,0,0,0,0,0,0,11,0,1
2017,994232,"3_4","801","Fiona","Themann",3,4,"GD",4,57,0,9,7,0,0,0,0,4,0,24,1,0
2017,994232,"4_4","801","Fiona","Themann",4,4,"GD",3,45,0,10,1,0,0,0,0,1,0,20,3,1
2017,994232,"4_4","801","Fiona","Themann",4,4,"GK",1,15,0,0,0,0,0,0,0,1,0,3,1,0
2017,994232,"5_4","801","Fiona","Themann",5,4,"GD",4,60,0,10,4,0,0,0,0,2,0,24,2,1
2017,994232,"6_3","801","Fiona","Themann",6,3,"GD",1,15,0,0,2,0,0,0,0,1,0,5,0,1
2017,994232,"6_3","801","Fiona","Themann",6,3,"GK",1,15,0,0,2,0,0,0,0,0,0,2,0,0
2017,994232,"7_2","801","Fiona","Themann",7,2,"GD",1,15,0,3,1,0,0,0,0,0,0,2,1,1
2017,994232,"7_2","801","Fiona","Themann",7,2,"GK",3,45,0,0,4,0,0,0,0,1,0,12,3,0
2017,994232,"8_3","801","Fiona","Themann",8,3,"GK",2,30,0,2,2,0,0,0,0,0,0,11,0,0
2017,994232,"9_1","801","Fiona","Themann",9,1,"GD",4,60,0,3,4,0,0,0,0,0,0,15,1,0
2017,995218,"10_4","810","Kaylia","Stanton",10,4,"GS",2,20,0,0,0,1,0,10,7,0,1,4,0,7
2017,995218,"11_1","810","Kaylia","Stanton",11,1,"GS",4,60,0,0,0,9,5,43,33,0,9,5,1,8
2017,995218,"14_3","810","Kaylia","Stanton",14,3,"GS",4,60,0,0,0,4,2,39,34,0,4,4,1,9
2017,995218,"2_2","810","Kaylia","Stanton",2,2,"GS",1,15,0,0,0,1,0,16,12,0,1,1,5,1
2017,995218,"3_1","810","Kaylia","Stanton",3,1,"GS",3,45,0,0,1,1,1,35,28,0,1,3,2,7
2017,995218,"4_2","810","Kaylia","Stanton",4,2,"GS",3,45,0,0,1,4,3,38,28,0,4,4,4,12
2017,995218,"5_1","810","Kaylia","Stanton",5,1,"GS",4,60,0,0,1,5,2,56,43,0,5,2,2,7
2017,995218,"6_1","810","Kaylia","Stanton",6,1,"GS",2,26,0,0,0,0,0,15,11,0,0,2,0,7
2017,995218,"7_2","810","Kaylia","Stanton",7,2,"GS",4,60,0,0,0,10,6,48,40,0,10,5,3,10
2017,995218,"8_1","810","Kaylia","Stanton",8,1,"GS",4,60,0,0,0,5,4,42,32,0,5,6,0,14
2017,995218,"9_2","810","Kaylia","Stanton",9,2,"GS",4,60,0,0,0,7,3,46,37,0,7,5,0,10
2017,995700,"1_4","801","Gia","Abernethy",1,4,"C",1,15,0,0,0,7,2,0,0,0,16,1,0,0
2017,995700,"1_4","801","Gia","Abernethy",1,4,"I",1,3,0,0,0,1,0,0,0,0,3,1,0,1
2017,995700,"10_3","801","Gia","Abernethy",10,3,"C",1,9,0,0,1,3,1,0,0,0,3,0,0,0
2017,995700,"10_3","801","Gia","Abernethy",10,3,"I",1,7,0,0,0,1,0,0,0,0,1,2,0,0
2017,995700,"11_4","801","Gia","Abernethy",11,4,"I",1,12,0,0,0,3,2,0,0,0,3,2,0,0
2017,995700,"12_3","801","Gia","Abernethy",12,3,"C",2,16,0,0,2,6,4,0,0,0,6,3,0,0
2017,995700,"12_3","801","Gia","Abernethy",12,3,"I",1,14,0,0,0,3,0,0,0,0,3,3,0,2
2017,995700,"13_4","801","Gia","Abernethy",13,4,"I",1,9,0,0,1,1,1,0,0,0,1,2,0,1
2017,995700,"2_1","801","Gia","Abernethy",2,1,"C",1,15,0,0,0,7,3,0,0,0,20,5,0,0
2017,995700,"2_1","801","Gia","Abernethy",2,1,"I",1,6,0,1,0,1,0,0,0,0,1,0,0,0
2017,995700,"2_1","801","Gia","Abernethy",2,1,"WA",1,10,0,1,2,5,0,0,0,0,5,0,0,0
2017,995700,"3_4","801","Gia","Abernethy",3,4,"I",2,15,0,0,2,5,1,0,0,0,16,3,0,0
2017,995700,"4_4","801","Gia","Abernethy",4,4,"C",2,30,0,0,0,16,4,0,0,0,46,4,0,0
2017,995700,"5_4","801","Gia","Abernethy",5,4,"C",4,60,0,0,2,24,7,0,0,1,24,10,0,2
2017,995700,"6_3","801","Gia","Abernethy",6,3,"C",1,15,0,0,0,9,0,0,0,0,9,4,0,0
2017,995700,"7_2","801","Gia","Abernethy",7,2,"C",2,30,0,0,0,9,4,0,0,0,9,4,0,0
2017,995700,"9_1","801","Gia","Abernethy",9,1,"I",1,10,0,0,0,5,1,0,0,0,5,1,0,0
2017,996140,"10_4","8118","Taylah","Davies",10,4,"I",2,23,0,5,0,7,1,0,0,0,7,3,0,2
2017,996140,"10_4","8118","Taylah","Davies",10,4,"WA",1,9,0,4,0,3,0,0,0,0,3,1,0,1
2017,996140,"13_1","8118","Taylah","Davies",13,1,"I",1,7,0,2,0,3,1,0,0,0,3,0,0,0
2017,996140,"13_1","8118","Taylah","Davies",13,1,"WA",1,15,0,3,0,8,3,0,0,1,8,3,0,1
2017,996140,"14_2","8118","Taylah","Davies",14,2,"WA",1,15,0,4,0,5,3,0,0,0,5,4,0,0
2017,996140,"2_2","8118","Taylah","Davies",2,2,"I",1,9,0,0,1,4,3,0,0,0,9,2,0,0
2017,996140,"5_4","8118","Taylah","Davies",5,4,"I",2,19,0,3,0,8,2,0,0,0,8,2,0,2
2017,996140,"5_4","8118","Taylah","Davies",5,4,"WA",2,30,0,7,0,9,3,0,0,1,9,2,0,1
2017,996140,"6_2","8118","Taylah","Davies",6,2,"WA",3,45,0,14,1,21,9,0,0,0,21,2,0,1
2017,996140,"7_1","8118","Taylah","Davies",7,1,"WA",3,38,0,12,0,20,9,0,0,0,20,2,0,0
2017,996140,"8_2","8118","Taylah","Davies",8,2,"WA",2,28,0,8,0,13,3,0,0,0,13,4,0,2
2017,996140,"9_3","8118","Taylah","Davies",9,3,"WA",3,45,0,12,0,24,10,0,0,0,24,5,0,2
2017,997815,"12_1","810","Annika","Lee-Jones",12,1,"I",1,9,0,0,0,0,0,0,0,0,0,4,0,0
2017,997815,"6_1","810","Annika","Lee-Jones",6,1,"GK",1,15,0,0,0,0,0,0,0,0,0,3,0,0
2017,997815,"6_1","810","Annika","Lee-Jones",6,1,"I",1,9,0,0,0,0,0,0,0,0,0,3,0,0
2017,998401,"1_3","8117","Madeline","McAuliffe",1,3,"WD",4,60,0,5,1,0,0,0,0,3,0,8,0,1
2017,998401,"10_1","8117","Madeline","McAuliffe",10,1,"WD",1,15,0,1,0,0,0,0,0,0,0,5,0,1
2017,998401,"12_1","8117","Madeline","McAuliffe",12,1,"I",1,6,0,1,0,0,0,0,0,0,0,1,0,0
2017,998401,"13_2","8117","Madeline","McAuliffe",13,2,"WD",1,15,0,3,0,0,0,0,0,0,0,4,0,1
2017,998401,"2_4","8117","Madeline","McAuliffe",2,4,"WD",4,60,0,7,2,0,0,0,0,0,0,11,0,1
2017,998401,"3_4","8117","Madeline","McAuliffe",3,4,"WD",4,60,0,7,3,1,0,0,0,0,1,11,0,0
2017,998401,"4_3","8117","Madeline","McAuliffe",4,3,"WD",1,14,0,0,0,0,0,0,0,0,0,6,0,0
2017,998401,"5_3","8117","Madeline","McAuliffe",5,3,"I",1,15,0,0,2,0,0,0,0,0,0,4,0,1
2017,998401,"5_3","8117","Madeline","McAuliffe",5,3,"WD",2,30,0,2,0,0,0,0,0,0,0,7,0,0
2017,998401,"6_1","8117","Madeline","McAuliffe",6,1,"WD",3,45,0,6,4,0,0,0,0,1,0,4,0,0
2017,998401,"8_4","8117","Madeline","McAuliffe",8,4,"I",1,15,0,0,0,0,0,0,0,0,0,0,0,0
2017,998401,"8_4","8117","Madeline","McAuliffe",8,4,"WD",1,15,0,1,1,0,0,0,0,0,0,3,0,0
2017,998401,"9_1","8117","Madeline","McAuliffe",9,1,"WD",2,30,0,2,3,0,0,0,0,2,0,6,0,1
2017,998404,"1_1","806","Sarah","Klau",1,1,"GK",4,60,0,0,4,0,0,0,0,2,0,23,0,0
2017,998404,"10_3","806","Sarah","Klau",10,3,"GK",4,60,0,0,4,0,0,0,0,5,0,20,4,0
2017,998404,"11_1","806","Sarah","Klau",11,1,"GK",4,60,0,0,5,0,0,0,0,3,0,25,2,1
2017,998404,"12_2","806","Sarah","Klau",12,2,"GK",4,60,0,0,5,0,0,0,0,4,0,18,3,0
2017,998404,"13_2","806","Sarah","Klau",13,2,"GK",4,60,0,0,6,0,0,0,0,5,0,15,0,2
2017,998404,"14_1","806","Sarah","Klau",14,1,"GK",4,60,0,0,8,0,0,0,0,2,0,12,0,0
2017,998404,"2_1","806","Sarah","Klau",2,1,"GK",4,60,0,0,6,0,0,0,0,1,0,14,2,0
2017,998404,"3_3","806","Sarah","Klau",3,3,"GK",4,60,0,0,3,0,0,0,0,1,0,15,2,1
2017,998404,"4_1","806","Sarah","Klau",4,1,"GK",4,60,0,0,3,0,0,0,0,1,0,26,1,0
2017,998404,"5_1","806","Sarah","Klau",5,1,"GK",4,60,1,0,7,0,0,0,0,1,0,27,3,1
2017,998404,"6_4","806","Sarah","Klau",6,4,"GK",4,60,0,0,5,0,0,0,0,4,0,11,2,2
2017,998404,"7_1","806","Sarah","Klau",7,1,"GK",4,60,0,0,1,0,0,0,0,3,0,9,2,0
2017,998404,"8_4","806","Sarah","Klau",8,4,"GK",4,60,0,0,4,0,0,0,0,4,0,15,2,0
2017,998404,"9_4","806","Sarah","Klau",9,4,"GK",4,60,1,0,4,0,0,0,0,1,0,11,2,1
2017,998408,"1_4","810","Jessica","Anstiss",1,4,"I",1,15,0,2,0,0,0,0,0,0,0,5,0,0
2017,998408,"1_4","810","Jessica","Anstiss",1,4,"WD",1,15,0,1,1,0,0,0,0,1,0,2,0,0
2017,998408,"10_4","810","Jessica","Anstiss",10,4,"WD",4,60,0,5,1,0,0,0,0,4,0,13,0,0
2017,998408,"11_1","810","Jessica","Anstiss",11,1,"WD",4,60,0,2,2,0,0,0,0,5,0,15,0,1
2017,998408,"12_1","810","Jessica","Anstiss",12,1,"C",1,10,0,0,0,3,1,0,0,0,3,3,0,0
2017,998408,"12_1","810","Jessica","Anstiss",12,1,"WD",3,45,0,3,1,1,0,0,0,2,1,8,0,0
2017,998408,"13_3","810","Jessica","Anstiss",13,3,"WD",4,60,0,7,1,0,0,0,0,1,0,13,0,0
2017,998408,"14_3","810","Jessica","Anstiss",14,3,"WD",4,60,0,4,3,0,0,0,0,1,0,15,0,3
2017,998408,"2_2","810","Jessica","Anstiss",2,2,"C",1,15,0,0,1,2,2,0,0,1,8,4,0,1
2017,998408,"2_2","810","Jessica","Anstiss",2,2,"WA",1,15,0,5,1,6,3,0,0,0,6,0,0,2
2017,998408,"2_2","810","Jessica","Anstiss",2,2,"WD",1,15,0,1,2,0,0,0,0,0,0,4,0,0
2017,998408,"3_1","810","Jessica","Anstiss",3,1,"WA",2,30,0,6,0,15,5,0,0,0,15,3,0,1
2017,998408,"4_2","810","Jessica","Anstiss",4,2,"WA",1,15,0,4,1,4,1,0,0,1,4,2,0,0
2017,998408,"4_2","810","Jessica","Anstiss",4,2,"WD",3,45,0,2,3,0,0,0,0,0,0,12,0,0
2017,998408,"5_1","810","Jessica","Anstiss",5,1,"WD",4,60,0,3,1,0,0,0,0,3,0,16,0,0
2017,998408,"6_1","810","Jessica","Anstiss",6,1,"C",1,15,0,0,0,10,2,0,0,1,10,0,0,0
2017,998408,"6_1","810","Jessica","Anstiss",6,1,"WD",3,45,0,1,0,4,2,0,0,3,4,8,0,1
2017,998408,"7_2","810","Jessica","Anstiss",7,2,"WD",4,60,0,8,2,0,0,0,0,1,0,10,0,0
2017,998408,"8_1","810","Jessica","Anstiss",8,1,"WD",4,60,0,4,0,0,0,0,0,4,0,14,0,0
2017,998408,"9_2","810","Jessica","Anstiss",9,2,"WD",4,60,0,1,3,0,0,0,0,0,0,15,0,1
2017,999128,"1_1","806","Helen","Housby",1,1,"GA",4,60,0,20,1,13,7,22,19,1,13,0,0,6
2017,999128,"10_3","806","Helen","Housby",10,3,"GA",4,60,0,18,2,8,5,19,18,1,8,1,0,7
2017,999128,"11_1","806","Helen","Housby",11,1,"GA",4,60,0,14,0,8,3,18,15,0,8,3,1,2
2017,999128,"12_2","806","Helen","Housby",12,2,"GA",4,60,0,23,4,5,4,17,17,0,5,0,0,4
2017,999128,"2_1","806","Helen","Housby",2,1,"GA",4,60,0,23,2,15,6,22,19,2,15,3,1,5
2017,999128,"3_3","806","Helen","Housby",3,3,"GA",3,45,0,17,1,16,4,14,13,1,16,0,0,2
2017,999128,"6_4","806","Helen","Housby",6,4,"GA",4,60,0,15,0,14,9,23,18,0,14,5,1,4
2017,999128,"7_1","806","Helen","Housby",7,1,"GA",4,60,0,19,2,15,6,23,21,0,15,5,1,1
2017,999128,"8_4","806","Helen","Housby",8,4,"GA",4,60,0,19,1,12,2,23,17,0,12,1,0,7
2017,999128,"9_4","806","Helen","Housby",9,4,"GA",4,60,0,17,2,12,5,19,17,1,12,0,0,5
2017,999823,"1_1","8118","Kristina","Brice",1,1,"GS",1,15,0,0,0,1,0,13,13,0,1,1,0,3
2017,999823,"1_1","8118","Kristina","Brice",1,1,"I",1,10,0,0,0,0,0,9,7,0,0,0,0,0
2017,999823,"10_4","8118","Kristina","Brice",10,4,"GS",2,30,0,0,0,2,2,12,11,0,2,1,0,2
2017,999823,"11_4","8118","Kristina","Brice",11,4,"GS",2,30,0,0,0,1,1,17,16,0,1,0,2,1
2017,999823,"11_4","8118","Kristina","Brice",11,4,"I",1,6,0,0,0,0,0,3,3,0,0,0,0,0
2017,999823,"13_1","8118","Kristina","Brice",13,1,"GS",1,15,0,0,1,0,0,11,10,0,0,0,1,0
2017,999823,"14_2","8118","Kristina","Brice",14,2,"GS",2,30,0,0,0,0,0,25,22,0,0,0,0,2
2017,999823,"15_1","8118","Kristina","Brice",15,1,"GS",4,60,0,0,1,0,0,33,29,0,0,1,0,8
2017,999823,"16_1","8118","Kristina","Brice",16,1,"GS",4,60,0,0,0,0,0,44,42,0,0,2,0,3
2017,999823,"17_1","8118","Kristina","Brice",17,1,"GS",4,50,0,0,0,0,0,29,24,0,0,4,2,8
2017,999823,"2_2","8118","Kristina","Brice",2,2,"GS",2,30,0,0,0,2,1,24,22,0,2,1,2,2
2017,999823,"4_3","8118","Kristina","Brice",4,3,"GS",2,30,0,0,1,1,1,19,17,0,1,2,2,2
2017,999823,"5_4","8118","Kristina","Brice",5,4,"GS",2,22,0,0,0,0,0,14,10,0,0,0,3,3
2017,999823,"6_2","8118","Kristina","Brice",6,2,"GS",1,15,0,0,1,0,0,6,5,0,0,1,0,2
2017,1001357,"1_3","8117","Cara","Koenen",1,3,"GA",4,60,0,22,3,29,14,16,8,1,29,3,2,2
2017,1001357,"12_1","8117","Cara","Koenen",12,1,"I",1,6,0,0,0,0,0,4,3,0,0,0,1,0
2017,1001357,"13_2","8117","Cara","Koenen",13,2,"GA",2,30,0,10,0,12,10,6,5,0,12,2,0,0
2017,1001357,"14_2","8117","Cara","Koenen",14,2,"I",1,3,0,0,0,0,0,0,0,0,0,0,0,0
2017,1001357,"2_4","8117","Cara","Koenen",2,4,"GA",4,60,0,19,1,32,15,13,8,0,32,2,0,6
2017,1001357,"3_4","8117","Cara","Koenen",3,4,"GA",4,60,0,11,3,18,9,15,8,1,18,1,3,4
2017,1001357,"4_3","8117","Cara","Koenen",4,3,"GA",2,30,0,7,1,10,8,3,2,0,10,3,0,2
2017,1001557,"13_2","806","Amy","Sommerville",13,2,"GA",4,60,0,17,0,17,6,15,10,0,17,2,0,3
2017,1001557,"14_1","806","Amy","Sommerville",14,1,"GA",2,30,0,9,0,12,6,4,3,0,12,1,0,2
2017,1001557,"3_3","806","Amy","Sommerville",3,3,"GA",1,15,0,5,1,11,6,4,3,0,11,0,1,0
2017,1001557,"4_1","806","Amy","Sommerville",4,1,"GA",4,60,0,21,0,22,9,7,5,0,22,1,0,4
2017,1001557,"5_1","806","Amy","Sommerville",5,1,"GA",4,60,0,15,0,9,3,14,11,0,9,3,0,3
2017,1001702,"10_3","806","Claire","O'Brien",10,3,"WA",4,60,0,18,0,31,14,0,0,1,31,3,0,2
2017,1001702,"11_1","806","Claire","O'Brien",11,1,"WA",4,60,0,19,0,40,18,0,0,1,40,4,0,1
2017,1001702,"12_2","806","Claire","O'Brien",12,2,"WA",2,30,0,12,0,17,9,0,0,0,17,0,0,3
2017,1001702,"13_2","806","Claire","O'Brien",13,2,"I",1,15,0,2,0,8,1,0,0,0,8,0,0,0
2017,1001702,"13_2","806","Claire","O'Brien",13,2,"WA",2,20,0,12,0,12,5,0,0,0,12,0,0,1
2017,1001702,"14_1","806","Claire","O'Brien",14,1,"I",1,5,0,4,0,2,1,0,0,0,2,0,0,0
2017,1001702,"14_1","806","Claire","O'Brien",14,1,"WA",2,30,0,9,0,16,7,0,0,0,16,1,0,2
2017,1001702,"5_1","806","Claire","O'Brien",5,1,"WA",1,15,0,7,0,6,1,0,0,0,6,2,0,0
2017,1001702,"8_4","806","Claire","O'Brien",8,4,"WA",2,23,0,10,0,18,7,0,0,0,18,2,0,0
2017,1001702,"9_4","806","Claire","O'Brien",9,4,"WA",4,60,0,27,2,33,21,0,0,0,33,7,0,2
2017,1001709,"1_4","801","Emily","Burgess",1,4,"WD",3,43,0,5,1,0,0,0,0,2,0,3,0,2
2017,1001710,"2_1","801","Jane","Cook",2,1,"GS",1,15,0,0,0,0,0,10,8,0,0,2,0,3
2017,1001710,"3_4","801","Jane","Cook",3,4,"I",1,3,0,0,0,0,0,2,1,0,0,0,0,0
2017,1001710,"4_4","801","Jane","Cook",4,4,"GS",2,18,0,0,0,0,0,9,8,0,0,0,1,1
2017,1001712,"1_2","8119","Samantha","Gooden",1,2,"GA",1,15,0,2,0,0,0,6,4,0,0,2,0,1
2017,1001712,"1_2","8119","Samantha","Gooden",1,2,"I",1,3,0,0,0,0,0,1,1,0,0,0,0,0
2017,1001717,"12_4","804","Emma","Ryde",12,4,"I",1,6,0,0,0,0,0,3,3,0,0,1,0,1
2017,1001803,"11_1","806","Lauren","Moore",11,1,"I",1,15,0,1,0,0,0,0,0,0,0,6,0,0
2017,1001920,"14_3","804","Kadie-Ann","Dehaney",14,3,"I",1,7,0,0,0,0,0,0,0,0,0,1,1,0
2017,1001920,"2_4","804","Kadie-Ann","Dehaney",2,4,"GK",2,21,0,0,0,0,0,0,0,2,0,9,0,0
2017,1001944,"1_1","806","Sam","Wallace",1,1,"GS",4,60,0,0,0,6,3,37,34,0,6,3,2,9
2017,1001944,"10_3","806","Sam","Wallace",10,3,"GS",4,60,0,0,0,3,2,35,33,0,3,3,1,3
2017,1001944,"11_1","806","Sam","Wallace",11,1,"GS",4,60,0,0,0,0,0,39,35,0,0,0,0,3
2017,1001944,"12_2","806","Sam","Wallace",12,2,"GS",4,60,0,0,1,3,1,36,33,0,3,0,0,3
2017,1001944,"13_2","806","Sam","Wallace",13,2,"GS",4,60,0,0,1,3,1,45,39,0,3,2,2,7
2017,1001944,"14_1","806","Sam","Wallace",14,1,"GS",4,60,0,0,0,3,1,47,42,0,3,2,2,5
2017,1001944,"2_1","806","Sam","Wallace",2,1,"GS",4,60,0,0,2,3,2,42,35,0,3,1,2,6
2017,1001944,"3_3","806","Sam","Wallace",3,3,"GS",4,60,0,0,3,4,2,54,43,0,4,0,4,9
2017,1001944,"4_1","806","Sam","Wallace",4,1,"GS",4,60,0,0,0,0,0,55,48,0,0,0,2,5
2017,1001944,"5_1","806","Sam","Wallace",5,1,"GS",4,60,0,0,0,2,1,37,34,0,2,3,3,5
2017,1001944,"6_4","806","Sam","Wallace",6,4,"GS",4,60,0,0,0,4,1,40,36,0,4,1,2,6
2017,1001944,"7_1","806","Samantha","Wallace",7,1,"GS",4,60,0,0,0,4,2,37,35,0,4,2,0,4
2017,1001944,"8_4","806","Sam","Wallace",8,4,"GS",4,60,0,0,0,3,1,37,33,0,3,3,3,3
2017,1001944,"9_4","806","Sam","Wallace",9,4,"GS",4,60,0,0,0,5,2,39,37,0,5,1,2,3
2017,1003784,"1_1","806","Maddy","Turner",1,1,"GD",4,60,0,0,0,0,0,0,0,3,0,26,0,0
2017,1003784,"10_3","806","Maddy","Turner",10,3,"GD",4,60,0,3,3,0,0,0,0,3,0,12,2,0
2017,1003784,"11_1","806","Maddy","Turner",11,1,"GD",4,60,0,6,11,0,0,0,0,2,0,15,2,1
2017,1003784,"12_2","806","Maddy","Turner",12,2,"GD",4,60,0,2,9,0,0,0,0,2,0,16,2,0
2017,1003784,"13_2","806","Maddy","Turner",13,2,"GD",4,60,0,4,5,0,0,0,0,0,0,8,0,1
2017,1003784,"14_1","806","Maddy","Turner",14,1,"GD",3,40,0,0,3,0,0,0,0,1,0,15,0,1
2017,1003784,"2_1","806","Maddy","Turner",2,1,"GD",4,60,0,0,4,0,0,0,0,2,0,13,0,3
2017,1003784,"3_3","806","Maddy","Turner",3,3,"GD",4,60,0,0,4,0,0,0,0,0,0,11,1,1
2017,1003784,"4_1","806","Maddy","Turner",4,1,"GD",4,60,0,0,7,0,0,0,0,0,0,24,1,0
2017,1003784,"5_1","806","Maddy","Turner",5,1,"GD",4,60,0,3,5,0,0,0,0,1,0,18,1,1
2017,1003784,"6_4","806","Maddy","Turner",6,4,"GD",4,60,0,1,3,0,0,0,0,1,0,8,0,0
2017,1003784,"7_1","806","Maddy","Turner",7,1,"GD",4,60,0,0,3,0,0,0,0,0,0,14,1,0
2017,1003784,"8_4","806","Maddy","Turner",8,4,"GD",4,60,0,1,1,0,0,0,0,3,0,13,0,1
2017,1003784,"9_4","806","Maddy","Turner",9,4,"GD",4,60,0,1,3,0,0,0,0,4,0,5,0,0
2017,1004463,"1_3","807","Kristen","Oxenford",1,3,"C",2,24,0,0,0,6,2,0,0,0,26,4,0,0
2017,1004465,"11_2","807","Abigail","Latu-Meafou",11,2,"GA",1,15,0,7,0,6,3,4,4,0,6,2,0,1
2017,1004465,"5_2","807","Abigail","Latu-Meafou",5,2,"I",1,15,0,7,0,3,1,6,5,0,3,3,0,2
2017,1004465,"6_3","807","Abigail","Latu-Meafou",6,3,"GS",4,60,0,0,0,5,2,37,28,0,5,3,4,4
2017,1004465,"7_3","807","Abigail","Latu-Meafou",7,3,"GA",3,39,0,11,1,7,0,18,15,0,7,5,2,2
2017,1004484,"10_4","8118","Toni","Anderson",10,4,"I",1,8,0,0,1,0,0,0,0,0,0,1,0,0
2017,1004484,"11_4","8118","Toni","Anderson",11,4,"WD",2,25,0,3,2,0,0,0,0,0,0,4,0,1
2017,1004484,"2_2","8118","Toni","Anderson",2,2,"I",1,9,0,0,0,0,0,0,0,0,0,4,0,1
2017,1004484,"5_4","8118","Toni","Anderson",5,4,"WD",1,15,0,0,3,0,0,0,0,0,0,2,0,0
2017,1004493,"3_4","801","Charlee","Hodges",3,4,"GA",1,9,0,3,0,2,2,5,1,0,2,0,0,2
2017,1004493,"5_4","801","Charlee","Hodges",5,4,"I",1,6,0,1,0,0,0,2,1,0,0,0,0,1
2017,1007218,"14_1","806","Emma","Tickner",14,1,"GD",1,15,0,2,0,0,0,0,0,0,0,3,1,0
2017,1007218,"14_1","806","Emma","Tickner",14,1,"I",1,6,0,0,0,0,0,0,0,0,0,2,0,0
2017,1007219,"1_3","807","Kimberley","Jenner",1,3,"GD",2,24,0,0,4,0,0,0,0,0,0,6,0,0
2017,1007219,"1_3","807","Kimberley","Jenner",1,3,"I",1,7,0,0,0,0,0,0,0,0,0,1,0,0
2017,1007219,"10_2","807","Kimberley","Jenner",10,2,"GD",1,15,0,2,0,0,0,0,0,0,0,4,0,0
2017,1007219,"10_2","807","Kimberley","Jenner",10,2,"I",1,3,0,0,0,0,0,0,0,0,0,0,0,0
2017,1007219,"11_2","807","Kimberley","Jenner",11,2,"GD",4,60,0,4,3,0,0,0,0,2,0,13,1,0
2017,1007219,"12_3","807","Kimberley","Jenner",12,3,"I",1,7,0,0,0,0,0,0,0,0,0,1,1,0
2017,1007219,"4_1","807","Kimberley","Jenner",4,1,"GD",2,23,0,2,0,0,0,0,0,2,0,7,1,0
2017,1007219,"4_1","807","Kimberley","Jenner",4,1,"I",1,3,0,0,0,0,0,0,0,0,0,1,1,0
2017,1007219,"5_2","807","Kimberley","Jenner",5,2,"I",1,11,0,1,0,0,0,0,0,0,0,8,0,0
2017,1007219,"7_3","807","Kimberley","Jenner",7,3,"GD",1,10,0,0,1,0,0,0,0,0,0,3,0,0
2017,1007219,"7_3","807","Kimberley","Jenner",7,3,"I",1,5,0,0,1,0,0,0,0,0,0,3,0,0
2017,1007219,"8_2","807","Kimberley","Jenner",8,2,"I",1,13,0,0,0,0,0,0,0,0,0,7,0,0
2017,1007220,"1_3","807","Jemma","Mi Mi",1,3,"I",1,7,0,2,0,3,2,0,0,0,4,1,0,0
2017,1007220,"1_3","807","Jemma","Mi Mi",1,3,"WA",2,30,0,22,1,11,5,0,0,0,11,0,0,0
2017,1007220,"11_2","807","Jemma","Mi Mi",11,2,"C",2,30,0,0,0,5,2,0,0,0,5,7,0,2
2017,1007220,"12_3","807","Jemma","Mi Mi",12,3,"I",1,10,0,0,0,1,0,0,0,0,1,0,0,0
2017,1007220,"2_3","807","Jemma","Mi Mi",2,3,"WA",4,60,0,11,3,18,3,0,0,1,18,4,0,3
2017,1007220,"5_2","807","Jemma","Mi Mi",5,2,"I",1,5,0,1,0,0,0,0,0,1,0,0,0,1
2017,1007220,"5_2","807","Jemma","Mi Mi",5,2,"WA",1,15,0,7,0,2,0,0,0,1,2,1,0,1
2017,1007220,"6_3","807","Jemma","Mi Mi",6,3,"I",1,9,0,2,0,4,0,0,0,0,4,4,0,1
2017,1007220,"7_3","807","Jemma","Mi Mi",7,3,"I",1,7,0,3,0,2,0,0,0,0,2,1,0,0
2017,1007220,"7_3","807","Jemma","Mi Mi",7,3,"WA",1,15,0,11,0,2,0,0,0,0,2,2,0,1
2017,1007220,"8_2","807","Jemma","Mi Mi",8,2,"C",2,28,0,0,1,8,4,0,0,0,8,5,0,3
2017,1007298,"10_3","801","Sasha","Glasgow",10,3,"GS",1,15,0,0,0,0,0,13,10,0,0,0,2,1
2017,1007298,"11_4","801","Sasha","Glasgow",11,4,"GS",4,60,0,0,0,2,2,35,27,0,2,5,3,6
2017,1007298,"12_3","801","Sasha","Glasgow",12,3,"GA",1,15,0,2,0,2,0,7,5,1,2,0,0,1
2017,1007298,"12_3","801","Sasha","Glasgow",12,3,"GS",2,21,0,0,0,1,0,11,7,0,1,0,1,4
2017,1007298,"12_3","801","Sasha","Glasgow",12,3,"I",1,9,0,2,0,2,1,4,3,0,2,1,0,0
2017,1007298,"13_4","801","Sasha","Glasgow",13,4,"GA",3,36,0,10,1,1,1,18,15,0,1,0,1,4
2017,1007298,"13_4","801","Sasha","Glasgow",13,4,"I",1,4,0,0,0,0,0,1,1,0,0,0,0,0
2017,1007298,"14_4","801","Sasha","Glasgow",14,4,"GA",2,30,0,5,2,5,1,17,9,1,5,1,1,4
2017,1007298,"4_4","801","Sasha","Glasgow",4,4,"GA",1,15,0,8,0,5,3,9,6,0,5,0,0,0
2017,1007298,"4_4","801","Sasha","Glasgow",4,4,"GS",1,15,0,0,1,1,0,10,9,0,1,0,1,0
2017,1007298,"4_4","801","Sasha","Glasgow",4,4,"I",1,13,0,0,0,0,0,4,4,0,0,0,1,0
2017,1007298,"5_4","801","Sasha","Glasgow",5,4,"GA",4,55,0,12,1,5,4,32,22,0,5,4,0,9
2017,1007298,"6_3","801","Sasha","Glasgow",6,3,"GA",3,45,0,14,0,2,2,21,16,0,2,3,1,8
2017,1007298,"6_3","801","Sasha","Glasgow",6,3,"GS",1,15,0,0,0,0,0,15,10,0,0,0,2,2
2017,1007298,"7_2","801","Sasha","Glasgow",7,2,"GS",3,35,0,0,0,2,2,12,10,0,2,4,1,7
2017,1007303,"14_1","806","Mikaela","Vaughan",14,1,"GA",2,30,0,11,2,3,0,9,3,0,3,5,0,5
2017,1007304,"10_3","806","Sophie","Halpin",10,3,"WD",3,45,0,6,1,0,0,0,0,1,0,16,0,2
2017,1007304,"11_1","806","Sophie","Halpin",11,1,"WD",3,45,0,4,5,0,0,0,0,1,0,16,0,0
2017,1007307,"12_1","810","Jessica","Eales",12,1,"I",1,7,0,0,1,0,0,0,0,0,0,4,0,0
2017,1009013,"10_3","806","Emily","Keenan",10,3,"C",1,15,0,0,0,4,2,0,0,0,4,2,0,1
2017,1009013,"9_4","806","Emily","Keenan",9,4,"C",2,30,0,0,2,7,2,0,0,0,7,5,0,6
